Date,Visitor,Home,Location
08/18/2022,Underwood,Council Bluffs Lewis Central,1
08/19/2022,Davenport Assumption,Independence,1
08/19/2022,Des Moines North,Dallas Center-Grimes,1
08/19/2022,Garwin GMG,Janesville,1
08/19/2022,Huxley Ballard,Winterset,1
08/19/2022,Marengo Iowa Valley,Montezuma,1
08/19/2022,Maynard West Central,Dunkerton,1
08/19/2022,Moravia,New London,1
08/19/2022,Panora Panorama,Perry,1
08/19/2022,Riceville,Colo-NESCO,1
08/19/2022,Sioux City East,Glenwood,1
08/19/2022,Sioux City West,Council Bluffs Jefferson,1
08/20/2022,Audubon,Winfield-Mount Union,0
08/20/2022,Liberty Center Southeast Warren,Wayland WACO,0
08/20/2022,Murray,Bussey Twin Cedars,1
08/25/2022,Harlan,Council Bluffs Lewis Central,1
08/25/2022,Iowa City West,Cedar Rapids Kennedy,1
08/25/2022,Sioux City North,South Sioux City NE,1
08/26/2022,Adel ADM,Gilbert,1
08/26/2022,Afton East Union,Murray,1
08/26/2022,Akron-Westfield,Lawton-Bronson,1
08/26/2022,Alburnett,Troy Mills North Linn,1
08/26/2022,Algona,Emmetsburg,1
08/26/2022,Alleman North Polk,Dallas Center-Grimes,1
08/26/2022,Alta-Aurelia,Onawa West Monona,1
08/26/2022,Anamosa,Mount Vernon,1
08/26/2022,Ankeny,Waukee,1
08/26/2022,Aplington-Parkersburg,LaPorte City Union,1
08/26/2022,Atlantic,Glenwood,1
08/26/2022,Baxter,Colo-NESCO,1
08/26/2022,Bedford,Lamoni,1
08/26/2022,Belle Plaine,Traer North Tama,1
08/26/2022,Belmond-Klemme,Ackley AGWSR,1
08/26/2022,Bettendorf,Urbandale,1
08/26/2022,Bondurant-Farrar,Huxley Ballard,1
08/26/2022,Boyden-Hull-Rock Valley,Rock Rapids Central Lyon-George-Little Rock,1
08/26/2022,Brooklyn BGM,Marengo Iowa Valley,1
08/26/2022,Burlington,Washington,1
08/26/2022,Bussey Twin Cedars,Thornburg Tri-County,1
08/26/2022,Calmar South Winneshiek,West Union North Fayette Valley,1
08/26/2022,Camanche,Dyersville Beckman,1
08/26/2022,Carlisle,Winterset,1
08/26/2022,Carroll,Denison-Schleswig,1
08/26/2022,Cedar Rapids Jefferson,Cedar Rapids Washington,1
08/26/2022,Cedar Rapids Prairie,Pleasant Valley,1
08/26/2022,Cedar Rapids Xavier,Epworth Western Dubuque,1
08/26/2022,Chariton,Centerville,1
08/26/2022,Charles City,Oelwein,1
08/26/2022,Clarinda,Creston-Orient-Macksburg,1
08/26/2022,Clarksville,Elkader Central,1
08/26/2022,Clear Lake,Iowa Falls-Alden,1
08/26/2022,Columbus Junction,Letts Louisa-Muscatine,1
08/26/2022,Correctionville River Valley,Dunlap Boyer Valley,1
08/26/2022,Corydon Wayne,Sidney,1
08/26/2022,Council Bluffs Jefferson,Council Bluffs Lincoln,1
08/26/2022,Cresco Crestwood,Decorah,1
08/26/2022,Davenport Central,DeWitt Central Clinton,1
08/26/2022,Davenport West,Clinton,1
08/26/2022,Denver,Fairbank Wapsie Valley,1
08/26/2022,Des Moines Christian,Pella Christian,1
08/26/2022,Des Moines Grand View Christian,Garwin GMG,1
08/26/2022,Des Moines North,Des Moines Hoover,1
08/26/2022,Des Moines Roosevelt,Des Moines East,1
08/26/2022,Dubuque Hempstead,Dubuque Senior,1
08/26/2022,Dubuque Wahlert,Manchester West Delaware,1
08/26/2022,Dunkerton,Tripoli,1
08/26/2022,Durant,Sigourney-Keota,1
08/26/2022,Eagle Grove,Clarion-Goldfield-Dows,1
08/26/2022,Eddyville-Blakesburg-Fremont,Albia,1
08/26/2022,Eldon Cardinal,Packwood Pekin,1
08/26/2022,Eldridge North Scott,Davenport North,1
08/26/2022,Fort Dodge,Mason City,1
08/26/2022,Fort Madison,Keokuk,1
08/26/2022,Garner-Hayfield-Ventura,Britt West Hancock,1
08/26/2022,Gladbrook-Reinbeck,Buffalo Center North Iowa,1
08/26/2022,Goose Lake Northeast,Bellevue,1
08/26/2022,Gowrie Southeast Valley,Truro Interstate-35,1
08/26/2022,Greene North Butler,Nashua-Plainfield,1
08/26/2022,Greenfield Nodaway Valley,Mount Ayr,1
08/26/2022,Griswold,Exira-Elk Horn-Kimballton,1
08/26/2022,Grundy Center,Eldora South Hardin,1
08/26/2022,Hartley-Melvin-Sanborn,Hawarden West Sioux,1
08/26/2022,Hinton,Moville Woodbury Central,1
08/26/2022,Holstein Ridge View,Ida Grove O-A-BC-IG,1
08/26/2022,Hudson,Jesup,1
08/26/2022,Independence,Maquoketa,1
08/26/2022,Indianola,Ankeny Centennial,1
08/26/2022,Inwood West Lyon,Hull Western Christian,1
08/26/2022,Iowa City Liberty,Iowa City High,1
08/26/2022,Iowa City Regina,Williamsburg,1
08/26/2022,Jackson Junction Turkey Valley,Edgewood-Colesburg,1
08/26/2022,Janesville,Algona Garrigan,1
08/26/2022,Jewell South Hamilton,Story City Roland-Story,1
08/26/2022,Johnston,Cedar Falls,1
08/26/2022,Keosauqua Van Buren,Donnellson Central Lee,1
08/26/2022,Kingsley-Pierson,Ruthven Graettinger-Terril-Ruthven-Ayrshire,1
08/26/2022,Knoxville,Newton,1
08/26/2022,Lake Mills,Forest City,1
08/26/2022,Lake View East Sac,Lake City South Central Calhoun,1
08/26/2022,Lansing Kee,Maynard West Central,1
08/26/2022,LeGrand East Marshall,Conrad BCLUW,1
08/26/2022,LeMars Gehlen,Orange City Unity Christian,1
08/26/2022,Lenox,Seymour-Moulton-Udell,1
08/26/2022,Leon Central Decatur,Corning Southwest Valley,1
08/26/2022,Liberty Center Southeast Warren,Audubon,1
08/26/2022,Lisbon,West Branch,1
08/26/2022,Logan-Magnolia,Carroll Kuemper,1
08/26/2022,Lone Tree,Central City,1
08/26/2022,Madrid,Woodward-Granger,1
08/26/2022,Malvern East Mills,Woodbine,1
08/26/2022,Manning IKM-Manning,Avoca AHSTW,1
08/26/2022,Manson Northwest Webster,Pocahontas Area,1
08/26/2022,Mapleton MV-A-O-CO-U,Sloan Westwood,1
08/26/2022,Marcus-Meriden-Cleghorn-Remsen-Union,Cherokee Washington,1
08/26/2022,Marion Linn-Mar,Muscatine,1
08/26/2022,Marion,Tiffin Clear Creek-Amana,1
08/26/2022,Marshalltown,Ames,1
08/26/2022,Mason City Newman,Manly Central Springs,1
08/26/2022,Melcher-Dallas,Garden Grove Mormon Trail,1
08/26/2022,Milford Okoboji,Swea City North Union,1
08/26/2022,MOC-Floyd Valley,Sibley-Ocheyedan,1
08/26/2022,Monona MFL-MarMac,New Hampton,1
08/26/2022,Monticello,Cascade Western Dubuque,1
08/26/2022,Mount Pleasant,Fairfield,1
08/26/2022,Nevada,Boone,1
08/26/2022,Newell-Fonda,West Bend-Mallard,1
08/26/2022,New London,Calamus-Wheatland,1
08/26/2022,New London,Clarksville,1
08/26/2022,Norwalk,Pella,1
08/26/2022,Oakland Riverside,Red Oak,1
08/26/2022,Osceola Clarke,Saydel,1
08/26/2022,Ottumwa,Oskaloosa,1
08/26/2022,Panora Panorama,Colfax-Mingo,1
08/26/2022,Paullina South O'Brien,Sioux Rapids Sioux Central,1
08/26/2022,Perry,Ogden,1
08/26/2022,Pleasant Hill Southeast Polk,West Des Moines Dowling,1
08/26/2022,Pleasantville,Lynnville-Sully,1
08/26/2022,Postville,Guttenberg Clayton Ridge,1
08/26/2022,Prairie City-Monroe,Bloomfield Davis County,1
08/26/2022,Preston Easton Valley,Gilbertville Don Bosco,1
08/26/2022,Remsen St Mary,Harris-Lake Park,1
08/26/2022,Riceville,Northwood-Kensett,1
08/26/2022,Riverside Highland,Winthrop East Buchanan,1
08/26/2022,Rockford,Algona Garrigan,1
08/26/2022,Saint Ansgar,Osage,1
08/26/2022,Sergeant Bluff-Luton,LeMars,1
08/26/2022,Sheffield West Fork,Hampton-Dumont-CAL,1
08/26/2022,Shenandoah,Missouri Valley,1
08/26/2022,Sioux Center,Sheldon,1
08/26/2022,Sioux City Heelan,Sioux City East,1
08/26/2022,Sioux City Siouxland Christian,Mondamin West Harrison-Whiting,1
08/26/2022,Sioux City West,Des Moines Lincoln,1
08/26/2022,Solon,West Liberty,1
08/26/2022,Spirit Lake,Spencer,1
08/26/2022,Springville,Wayland WACO,1
08/26/2022,Stanton-Essex,Martensdale-St Marys,1
08/26/2022,Stanwood North Cedar,Delhi Maquoketa Valley,1
08/26/2022,Storm Lake,Estherville-Lincoln Central,1
08/26/2022,Stuart West Central Valley,New Sharon North Mahaska,1
08/26/2022,Sumner-Fredericksburg,Arlington Starmont,1
08/26/2022,Tabor Fremont-Mills,Anita CAM,1
08/26/2022,Tama Meskwaki,Janesville,1
08/26/2022,Tama South Tama,State Center West Marshall,1
08/26/2022,Tipton,Wilton,1
08/26/2022,Treynor,Council Bluffs St Albert,1
08/26/2022,Underwood,Neola Tri-Center,1
08/26/2022,Van Horne Benton,Grinnell,1
08/26/2022,Van Meter,Earlham,1
08/26/2022,Victor HLV,Montezuma,1
08/26/2022,Vinton-Shellsburg,Center Point-Urbana,1
08/26/2022,Wapello,Mediapolis,1
08/26/2022,Waterloo Columbus,Dike-New Hartford,1
08/26/2022,Waterloo West,Waterloo East,1
08/26/2022,Waukon,Waverly-Shell Rock,1
08/26/2022,Webster City,Humboldt,1
08/26/2022,Wellman Mid-Prairie,West Burlington-Notre Dame,1
08/26/2022,West Des Moines Valley,Waukee Northwest,1
08/26/2022,Westside Ar-We-Va,Fort Dodge St Edmond,1
08/26/2022,Winfield-Mount Union,Moravia,1
08/26/2022,Woodward Academy,Collins-Maxwell,1
08/26/2022,Wyoming Midland,North English English Valleys,1
08/27/2022,Glidden-Ralston,Coon Rapids-Bayard,1
08/27/2022,Guthrie Center-Adair-Casey,Jefferson Greene County,0
09/01/2022,Clinton,Davenport Central,1
09/01/2022,Garwin GMG,Collins-Maxwell,1
09/01/2022,South Sioux City NE,Sioux City West,1
09/02/2022,Adel ADM,Huxley Ballard,1
09/02/2022,Algona Garrigan,Buffalo Center North Iowa,1
09/02/2022,Alta-Aurelia,Akron-Westfield,1
09/02/2022,Ames,Fort Dodge,1
09/02/2022,Anita CAM,Woodbine,1
09/02/2022,Ankeny Centennial,Ankeny,1
09/02/2022,Audubon,Dunlap Boyer Valley,1
09/02/2022,Baxter,Melcher-Dallas,1
09/02/2022,Belle Plaine,Madrid,1
09/02/2022,Bellevue,Arlington Starmont,1
09/02/2022,Bloomfield Davis County,Keosauqua Van Buren,1
09/02/2022,Boone,Webster City,1
09/02/2022,Brooklyn BGM,Bussey Twin Cedars,1
09/02/2022,Calamus-Wheatland,Wyoming Midland,1
09/02/2022,Carroll Kuemper,Atlantic,1
09/02/2022,Cascade Western Dubuque,Durant,1
09/02/2022,Cedar Falls,Waterloo West,1
09/02/2022,Cedar Rapids Kennedy,Bettendorf,1
09/02/2022,Cedar Rapids Washington,Marion,1
09/02/2022,Center Point-Urbana,Van Horne Benton,1
09/02/2022,Centerville,Albia,1
09/02/2022,Central City,Lansing Kee,1
09/02/2022,Clarinda,Underwood,1
09/02/2022,Clarion-Goldfield-Dows,Belmond-Klemme,1
09/02/2022,Clarksville,Rockford,1
09/02/2022,Clarksville,Wyoming Midland,1
09/02/2022,Clear Lake,Algona,1
09/02/2022,Colfax-Mingo,Osceola Clarke,1
09/02/2022,Colo-NESCO,Gladbrook-Reinbeck,1
09/02/2022,Columbus Junction,Riverside Highland,1
09/02/2022,Conrad BCLUW,Hudson,1
09/02/2022,Coon Rapids-Bayard,Woodward Academy,1
09/02/2022,Corning Southwest Valley,Sidney,1
09/02/2022,Correctionville River Valley,Remsen St Mary,1
09/02/2022,Council Bluffs Lewis Central,Carlisle,1
09/02/2022,Council Bluffs Lincoln,Denison-Schleswig,1
09/02/2022,Council Bluffs St Albert,Oakland Riverside,1
09/02/2022,Creston-Orient-Macksburg,Winterset,1
09/02/2022,Dallas Center-Grimes,Bondurant-Farrar,1
09/02/2022,Davenport Assumption,Dubuque Wahlert,1
09/02/2022,Davenport North,Davenport West,1
09/02/2022,Decorah,Waukon,1
09/02/2022,Delhi Maquoketa Valley,Calmar South Winneshiek,1
09/02/2022,Des Moines East,Des Moines North,1
09/02/2022,Des Moines Grand View Christian,Montezuma,1
09/02/2022,Des Moines Hoover,Des Moines Christian,1
09/02/2022,Des Moines Lincoln,Norwalk,1
09/02/2022,DeWitt Central Clinton,Camanche,1
09/02/2022,Dike-New Hartford,Grundy Center,1
09/02/2022,Donnellson Central Lee,Eldon Cardinal,1
09/02/2022,Dubuque Senior,Cedar Rapids Prairie,1
09/02/2022,Dunkerton,Tama Meskwaki,1
09/02/2022,Dyersville Beckman,Anamosa,1
09/02/2022,Earlham,Avoca AHSTW,1
09/02/2022,Eddyville-Blakesburg-Fremont,Chariton,1
09/02/2022,Eldora South Hardin,Jewell South Hamilton,1
09/02/2022,Emmetsburg,Gowrie Southeast Valley,1
09/02/2022,Epworth Western Dubuque,Eldridge North Scott,1
09/02/2022,Estherville-Lincoln Central,Inwood West Lyon,1
09/02/2022,Exira-Elk Horn-Kimballton,Mondamin West Harrison-Whiting,1
09/02/2022,Fairfield,Ottumwa,1
09/02/2022,Forest City,Spirit Lake,1
09/02/2022,Fort Dodge St Edmond,West Bend-Mallard,1
09/02/2022,Gilbert,Carroll,1
09/02/2022,Gilbertville Don Bosco,Jackson Junction Turkey Valley,1
09/02/2022,Glenwood,Indianola,1
09/02/2022,Greenfield Nodaway Valley,Shenandoah,1
09/02/2022,Grinnell,Harlan,1
09/02/2022,Griswold,Bedford,1
09/02/2022,Guttenberg Clayton Ridge,Monona MFL-MarMac,1
09/02/2022,Hampton-Dumont-CAL,Iowa Falls-Alden,1
09/02/2022,Harris-Lake Park,Northwood-Kensett,1
09/02/2022,Hartley-Melvin-Sanborn,LeMars Gehlen,1
09/02/2022,Hawarden West Sioux,Sioux Center,1
09/02/2022,Hull Western Christian,Boyden-Hull-Rock Valley,1
09/02/2022,Humboldt,Garner-Hayfield-Ventura,1
09/02/2022,Ida Grove O-A-BC-IG,Storm Lake,1
09/02/2022,Iowa City High,Cedar Rapids Jefferson,1
09/02/2022,Jefferson Greene County,Perry,1
09/02/2022,Jesup,Postville,1
09/02/2022,Keokuk,Burlington,1
09/02/2022,Lake View East Sac,Holstein Ridge View,1
09/02/2022,Lamoni,Afton East Union,1
09/02/2022,LaPorte City Union,Denver,1
09/02/2022,Lawton-Bronson,Missouri Valley,1
09/02/2022,LeMars,Sioux City Heelan,1
09/02/2022,Lenox,Malvern East Mills,1
09/02/2022,Letts Louisa-Muscatine,Wapello,1
09/02/2022,Liberty Center Southeast Warren,Garden Grove Mormon Trail,1
09/02/2022,Lisbon,Stanwood North Cedar,1
09/02/2022,Lynnville-Sully,New Sharon North Mahaska,1
09/02/2022,Manchester West Delaware,Cedar Rapids Xavier,1
09/02/2022,Manly Central Springs,Lake Mills,1
09/02/2022,Mapleton MV-A-O-CO-U,Eagle Grove,1
09/02/2022,Maquoketa,Monticello,1
09/02/2022,Marcus-Meriden-Cleghorn-Remsen-Union,Hinton,1
09/02/2022,Marion Linn-Mar,Iowa City Liberty,1
09/02/2022,Mason City Newman,Britt West Hancock,1
09/02/2022,Maynard West Central,Janesville,1
09/02/2022,Mediapolis,Tipton,1
09/02/2022,Moravia,Martensdale-St Marys,1
09/02/2022,Mount Ayr,Leon Central Decatur,1
09/02/2022,Mount Vernon,Solon,1
09/02/2022,Moville Woodbury Central,Logan-Magnolia,1
09/02/2022,Muscatine,Iowa City West,1
09/02/2022,Nashua-Plainfield,Fairbank Wapsie Valley,1
09/02/2022,Neola Tri-Center,Treynor,1
09/02/2022,New Hampton,Charles City,1
09/02/2022,Newton,Prairie City-Monroe,1
09/02/2022,North English English Valleys,Lone Tree,1
09/02/2022,Oelwein,Vinton-Shellsburg,1
09/02/2022,Ogden,Corydon Wayne,1
09/02/2022,Omaha South NE,Council Bluffs Jefferson,1
09/02/2022,Onawa West Monona,Cherokee Washington,1
09/02/2022,Orange City Unity Christian,MOC-Floyd Valley,1
09/02/2022,Osage,Aplington-Parkersburg,1
09/02/2022,Oskaloosa,Knoxville,1
09/02/2022,Packwood Pekin,Alburnett,1
09/02/2022,Pella,Alleman North Polk,1
09/02/2022,Pella Christian,Panora Panorama,1
09/02/2022,Pleasant Hill Southeast Polk,West Des Moines Valley,1
09/02/2022,Pleasant Valley,Dubuque Hempstead,1
09/02/2022,Pocahontas Area,Lake City South Central Calhoun,1
09/02/2022,Preston Easton Valley,Elkader Central,1
09/02/2022,Preston Easton Valley,South Beliot IL,1
09/02/2022,Red Oak,Stuart West Central Valley,1
09/02/2022,Rock Rapids Central Lyon-George-Little Rock,Sergeant Bluff-Luton,1
09/02/2022,Ruthven Graettinger-Terril-Ruthven-Ayrshire,Glidden-Ralston,1
09/02/2022,Saydel,Tama South Tama,1
09/02/2022,Seymour-Moulton-Udell,Murray,1
09/02/2022,Sheffield West Fork,Saint Ansgar,1
09/02/2022,Sheldon,Paullina South O'Brien,1
09/02/2022,Sibley-Ocheyedan,Milford Okoboji,1
09/02/2022,Sigourney-Keota,Wellman Mid-Prairie,1
09/02/2022,Sioux City East,Sioux City North,1
09/02/2022,Sioux City Siouxland Christian,Newell-Fonda,1
09/02/2022,Sioux Rapids Sioux Central,Manson Northwest Webster,1
09/02/2022,Sloan Westwood,Manning IKM-Manning,1
09/02/2022,Spencer,Mason City,1
09/02/2022,Springville,Edgewood-Colesburg,1
09/02/2022,Stanton-Essex,Tabor Fremont-Mills,1
09/02/2022,State Center West Marshall,Nevada,1
09/02/2022,Story City Roland-Story,LeGrand East Marshall,1
09/02/2022,Swea City North Union,Greene North Butler,1
09/02/2022,Thornburg Tri-County,New London,1
09/02/2022,Tiffin Clear Creek-Amana,Independence,1
09/02/2022,Traer North Tama,Ackley AGWSR,1
09/02/2022,Tripoli,Riceville,1
09/02/2022,Truro Interstate-35,Pleasantville,1
09/02/2022,Urbandale,Johnston,1
09/02/2022,Victor HLV,Wayland WACO,1
09/02/2022,Washington,Mount Pleasant,1
09/02/2022,Waterloo East,Marshalltown,1
09/02/2022,Waukee,Des Moines Roosevelt,1
09/02/2022,Waverly-Shell Rock,Cresco Crestwood,1
09/02/2022,West Branch,Waterloo Columbus,1
09/02/2022,West Burlington-Notre Dame,Fort Madison,1
09/02/2022,West Des Moines Dowling,Waukee Northwest,1
09/02/2022,West Liberty,Iowa City Regina,1
09/02/2022,Westside Ar-We-Va,Kingsley-Pierson,1
09/02/2022,West Union North Fayette Valley,Sumner-Fredericksburg,1
09/02/2022,Williamsburg,Van Meter,1
09/02/2022,Wilton,Goose Lake Northeast,1
09/02/2022,Winfield-Mount Union,Marengo Iowa Valley,1
09/02/2022,Winthrop East Buchanan,Troy Mills North Linn,1
09/02/2022,Woodward-Granger,Guthrie Center-Adair-Casey,1
09/08/2022,Davenport Central,Cedar Rapids Jefferson,1
09/08/2022,LeMars,Sioux City East,1
09/09/2022,Ackley AGWSR,Conrad BCLUW,1
09/09/2022,Afton East Union,Stanton-Essex,1
09/09/2022,Akron-Westfield,Marcus-Meriden-Cleghorn-Remsen-Union,1
09/09/2022,Albia,Donnellson Central Lee,1
09/09/2022,Alburnett,Lisbon,1
09/09/2022,Algona,Garner-Hayfield-Ventura,1
09/09/2022,Alleman North Polk,Adel ADM,1
09/09/2022,Ames,Iowa City High,1
09/09/2022,Anamosa,Cascade Western Dubuque,1
09/09/2022,Ankeny Centennial,Waukee,1
09/09/2022,Aplington-Parkersburg,Jesup,1
09/09/2022,Arlington Starmont,Winthrop East Buchanan,1
09/09/2022,Atlantic,Shenandoah,1
09/09/2022,Audubon,Tabor Fremont-Mills,1
09/09/2022,Avoca AHSTW,Corning Southwest Valley,1
09/09/2022,Bedford,Lenox,1
09/09/2022,Belmond-Klemme,Mason City Newman,1
09/09/2022,Bettendorf,Muscatine,1
09/09/2022,Britt West Hancock,Lake Mills,1
09/09/2022,Buffalo Center North Iowa,Fort Dodge St Edmond,1
09/09/2022,Bussey Twin Cedars,Des Moines Grand View Christian,1
09/09/2022,Calmar South Winneshiek,Guttenberg Clayton Ridge,1
09/09/2022,Carroll,Council Bluffs Jefferson,1
09/09/2022,Cedar Rapids Prairie,Cedar Falls,1
09/09/2022,Cedar Rapids Washington,Cedar Rapids Kennedy,1
09/09/2022,Centerville,Sigourney-Keota,1
09/09/2022,Chariton,Saydel,1
09/09/2022,Cherokee Washington,Mapleton MV-A-O-CO-U,1
09/09/2022,Collins-Maxwell,Gilbertville Don Bosco,1
09/09/2022,Corydon Wayne,Belle Plaine,1
09/09/2022,Council Bluffs Lewis Central,Norwalk,1
09/09/2022,Council Bluffs Lincoln,Glenwood,1
09/09/2022,Council Bluffs St Albert,Underwood,1
09/09/2022,Cresco Crestwood,Waukon,1
09/09/2022,Dallas Center-Grimes,Johnston,1
09/09/2022,Davenport North,Dubuque Senior,1
09/09/2022,Delhi Maquoketa Valley,West Branch,1
09/09/2022,Denison-Schleswig,Creston-Orient-Macksburg,1
09/09/2022,Denver,Sumner-Fredericksburg,1
09/09/2022,Des Moines Lincoln,Des Moines East,1
09/09/2022,Des Moines North,Sioux City North,1
09/09/2022,DeWitt Central Clinton,Clinton,1
09/09/2022,Dike-New Hartford,Clear Lake,1
09/09/2022,Dubuque Hempstead,Iowa City West,1
09/09/2022,Dubuque Wahlert,Cedar Rapids Xavier,1
09/09/2022,Dunlap Boyer Valley,Coon Rapids-Bayard,1
09/09/2022,Durant,Goose Lake Northeast,1
09/09/2022,Eagle Grove,Stuart West Central Valley,1
09/09/2022,Edgewood-Colesburg,Central City,1
09/09/2022,Eldon Cardinal,Bloomfield Davis County,1
09/09/2022,Eldridge North Scott,Davenport Assumption,1
09/09/2022,Elkader Central,Calamus-Wheatland,1
09/09/2022,Fairbank Wapsie Valley,Grundy Center,1
09/09/2022,Forest City,Clarion-Goldfield-Dows,1
09/09/2022,Fort Dodge,Waterloo East,1
09/09/2022,Fort Madison,Fairfield,1
09/09/2022,Garden Grove Mormon Trail,Moravia,1
09/09/2022,Garwin GMG,Clarksville,1
09/09/2022,Gilbert,Bondurant-Farrar,1
09/09/2022,Gladbrook-Reinbeck,Dunkerton,1
09/09/2022,Glidden-Ralston,Westside Ar-We-Va,1
09/09/2022,Gowrie Southeast Valley,Hampton-Dumont-CAL,1
09/09/2022,Greene North Butler,Sheffield West Fork,1
09/09/2022,Grinnell,Tama South Tama,1
09/09/2022,Guthrie Center-Adair-Casey,Des Moines Christian,1
09/09/2022,Harlan,Sergeant Bluff-Luton,1
09/09/2022,Harris-Lake Park,Kingsley-Pierson,1
09/09/2022,Hawarden West Sioux,Rock Rapids Central Lyon-George-Little Rock,1
09/09/2022,Hinton,Alta-Aurelia,1
09/09/2022,Holstein Ridge View,Onawa West Monona,1
09/09/2022,Hudson,Traer North Tama,1
09/09/2022,Hull Western Christian,Spirit Lake,1
09/09/2022,Humboldt,Estherville-Lincoln Central,1
09/09/2022,Huxley Ballard,Boone,1
09/09/2022,Ida Grove O-A-BC-IG,Lake View East Sac,1
09/09/2022,Independence,West Liberty,1
09/09/2022,Iowa City Liberty,Epworth Western Dubuque,1
09/09/2022,Iowa Falls-Alden,Eldora South Hardin,1
09/09/2022,Janesville,Tripoli,1
09/09/2022,Jefferson Greene County,Carroll Kuemper,1
09/09/2022,Keosauqua Van Buren,Letts Louisa-Muscatine,1
09/09/2022,Knoxville,Carlisle,1
09/09/2022,Lake City South Central Calhoun,Emmetsburg,1
09/09/2022,Lansing Kee,Springville,1
09/09/2022,LaPorte City Union,Center Point-Urbana,1
09/09/2022,Lawton-Bronson,LeMars Gehlen,1
09/09/2022,Logan-Magnolia,Sloan Westwood,1
09/09/2022,Lone Tree,Victor HLV,1
09/09/2022,Lynnville-Sully,LeGrand East Marshall,1
09/09/2022,Madrid,Ogden,1
09/09/2022,Malvern East Mills,Griswold,1
09/09/2022,Manchester West Delaware,Decorah,1
09/09/2022,Manning IKM-Manning,Moville Woodbury Central,1
09/09/2022,Maquoketa,Camanche,1
09/09/2022,Marengo Iowa Valley,Thornburg Tri-County,1
09/09/2022,Martensdale-St Marys,Liberty Center Southeast Warren,1
09/09/2022,Mason City,Charles City,1
09/09/2022,Mediapolis,West Burlington-Notre Dame,1
09/09/2022,Milford Okoboji,Manson Northwest Webster,1
09/09/2022,Missouri Valley,Neola Tri-Center,1
09/09/2022,Mondamin West Harrison-Whiting,Anita CAM,1
09/09/2022,Monona MFL-MarMac,Osage,1
09/09/2022,Montezuma,Brooklyn BGM,1
09/09/2022,Monticello,Dyersville Beckman,1
09/09/2022,Mount Pleasant,Keokuk,1
09/09/2022,Murray,Lamoni,1
09/09/2022,Nashua-Plainfield,Manly Central Springs,1
09/09/2022,Nevada,Story City Roland-Story,1
09/09/2022,Newell-Fonda,Correctionville River Valley,1
09/09/2022,New London,Winfield-Mount Union,1
09/09/2022,New Sharon North Mahaska,Colfax-Mingo,1
09/09/2022,Newton,Marshalltown,1
09/09/2022,Northwood-Kensett,Ruthven Graettinger-Terril-Ruthven-Ayrshire,1
09/09/2022,Oakland Riverside,Mount Ayr,1
09/09/2022,Oelwein,New Hampton,1
09/09/2022,Orange City Unity Christian,Boyden-Hull-Rock Valley,1
09/09/2022,Oskaloosa,Burlington,1
09/09/2022,Ottumwa,Des Moines Roosevelt,1
09/09/2022,Panora Panorama,Leon Central Decatur,1
09/09/2022,Paullina South O'Brien,Hartley-Melvin-Sanborn,1
09/09/2022,Pella,Indianola,1
09/09/2022,Perry,Osceola Clarke,1
09/09/2022,Pleasant Valley,Marion Linn-Mar,1
09/09/2022,Pleasantville,Eddyville-Blakesburg-Fremont,1
09/09/2022,Pocahontas Area,Sioux Rapids Sioux Central,1
09/09/2022,Postville,West Union North Fayette Valley,1
09/09/2022,Prairie City-Monroe,Pella Christian,1
09/09/2022,Red Oak,Greenfield Nodaway Valley,1
09/09/2022,Remsen St Mary,Sioux City Siouxland Christian,1
09/09/2022,Riceville,Maynard West Central,1
09/09/2022,Rockford,Jackson Junction Turkey Valley,1
09/09/2022,Saint Ansgar,Swea City North Union,1
09/09/2022,Seymour-Moulton-Udell,Melcher-Dallas,1
09/09/2022,Sheldon,Sibley-Ocheyedan,1
09/09/2022,Sidney,Earlham,1
09/09/2022,Sioux Center,Inwood West Lyon,1
09/09/2022,Sioux City Heelan,Spencer,1
09/09/2022,Sioux City West,Des Moines Hoover,1
09/09/2022,Solon,Williamsburg,1
09/09/2022,Stanwood North Cedar,Packwood Pekin,1
09/09/2022,State Center West Marshall,Jewell South Hamilton,1
09/09/2022,Storm Lake,MOC-Floyd Valley,1
09/09/2022,Tama Meskwaki,Colo-NESCO,1
09/09/2022,Tiffin Clear Creek-Amana,Washington,1
09/09/2022,Tipton,Mount Vernon,1
09/09/2022,Treynor,Clarinda,1
09/09/2022,Troy Mills North Linn,Bellevue,1
09/09/2022,Urbandale,West Des Moines Valley,1
09/09/2022,Van Horne Benton,Marion,1
09/09/2022,Wapello,Columbus Junction,1
09/09/2022,Waterloo Columbus,Vinton-Shellsburg,1
09/09/2022,Waterloo West,Davenport West,1
09/09/2022,Waukee Northwest,Pleasant Hill Southeast Polk,1
09/09/2022,Wayland WACO,North English English Valleys,1
09/09/2022,Webster City,Waverly-Shell Rock,1
09/09/2022,Wellman Mid-Prairie,Iowa City Regina,1
09/09/2022,West Bend-Mallard,Algona Garrigan,1
09/09/2022,West Des Moines Dowling,Ankeny,1
09/09/2022,Wilton,Riverside Highland,1
09/09/2022,Winterset,Van Meter,1
09/09/2022,Woodbine,Exira-Elk Horn-Kimballton,1
09/09/2022,Woodward Academy,Baxter,1
09/09/2022,Woodward-Granger,Truro Interstate-35,1
09/09/2022,Wyoming Midland,Preston Easton Valley,1
09/15/2022,Iowa City West,Davenport North,1
09/15/2022,Marion Linn-Mar,Cedar Rapids Washington,1
09/16/2022,Albia,Story City Roland-Story,1
09/16/2022,Algona Garrigan,Newell-Fonda,1
09/16/2022,Alleman North Polk,Grinnell,1
09/16/2022,Alta-Aurelia,Paullina South O'Brien,1
09/16/2022,Anita CAM,Malvern East Mills,1
09/16/2022,Ankeny,Pleasant Hill Southeast Polk,1
09/16/2022,Bellevue,Delhi Maquoketa Valley,1
09/16/2022,Bloomfield Davis County,Centerville,1
09/16/2022,Bondurant-Farrar,Pella,1
09/16/2022,Boone,Humboldt,1
09/16/2022,Boyden-Hull-Rock Valley,Algona,1
09/16/2022,Britt West Hancock,Sheffield West Fork,1
09/16/2022,Brooklyn BGM,Woodward Academy,1
09/16/2022,Burlington,Ottumwa,1
09/16/2022,Calamus-Wheatland,Lansing Kee,1
09/16/2022,Calmar South Winneshiek,Arlington Starmont,1
09/16/2022,Camanche,West Liberty,1
09/16/2022,Carlisle,Des Moines Lincoln,1
09/16/2022,Carroll Kuemper,Mapleton MV-A-O-CO-U,1
09/16/2022,Cedar Falls,Ankeny Centennial,1
09/16/2022,Cedar Rapids Jefferson,Cedar Rapids Kennedy,1
09/16/2022,Cedar Rapids Prairie,Bettendorf,1
09/16/2022,Cedar Rapids Xavier,Eldridge North Scott,1
09/16/2022,Central City,Wyoming Midland,1
09/16/2022,Chariton,State Center West Marshall,1
09/16/2022,Charles City,Decorah,1
09/16/2022,Cherokee Washington,Orange City Unity Christian,1
09/16/2022,Clarion-Goldfield-Dows,Estherville-Lincoln Central,1
09/16/2022,Clinton,Maquoketa,1
09/16/2022,Colfax-Mingo,Belle Plaine,1
09/16/2022,Collins-Maxwell,Dunkerton,1
09/16/2022,Conrad BCLUW,Greene North Butler,1
09/16/2022,Coon Rapids-Bayard,Woodbine,1
09/16/2022,Corning Southwest Valley,Council Bluffs St Albert,1
09/16/2022,Correctionville River Valley,Westside Ar-We-Va,1
09/16/2022,Corydon Wayne,Lynnville-Sully,1
09/16/2022,Council Bluffs Jefferson,Denison-Schleswig,1
09/16/2022,Cresco Crestwood,Forest City,1
09/16/2022,Creston-Orient-Macksburg,Gilbert,1
09/16/2022,Davenport Assumption,Solon,1
09/16/2022,Davenport West,Davenport Central,1
09/16/2022,Denver,Aplington-Parkersburg,1
09/16/2022,Des Moines Christian,Jefferson Greene County,1
09/16/2022,Des Moines East,Ames,1
09/16/2022,Des Moines Grand View Christian,Baxter,1
09/16/2022,Des Moines Hoover,Perry,1
09/16/2022,Des Moines Roosevelt,Urbandale,1
09/16/2022,Dubuque Senior,Waterloo West,1
09/16/2022,Dubuque Wahlert,LaPorte City Union,1
09/16/2022,Dunlap Boyer Valley,Mondamin West Harrison-Whiting,1
09/16/2022,Durant,Wilton,1
09/16/2022,Dyersville Beckman,Cascade Western Dubuque,1
09/16/2022,Eagle Grove,Woodward-Granger,1
09/16/2022,Earlham,Madrid,1
09/16/2022,Eldora South Hardin,Dike-New Hartford,1
09/16/2022,Elkader Central,Edgewood-Colesburg,1
09/16/2022,Emmetsburg,Hawarden West Sioux,1
09/16/2022,Epworth Western Dubuque,Dubuque Hempstead,1
09/16/2022,Exira-Elk Horn-Kimballton,Audubon,1
09/16/2022,Fairbank Wapsie Valley,Ackley AGWSR,1
09/16/2022,Fairfield,Knoxville,1
09/16/2022,Fort Dodge St Edmond,Harris-Lake Park,1
09/16/2022,Garner-Hayfield-Ventura,New Hampton,1
09/16/2022,Gilbertville Don Bosco,Colo-NESCO,1
09/16/2022,Glenwood,Harlan,1
09/16/2022,Goose Lake Northeast,Anamosa,1
09/16/2022,Gowrie Southeast Valley,Ida Grove O-A-BC-IG,1
09/16/2022,Griswold,Stanton-Essex,1
09/16/2022,Grundy Center,Hudson,1
09/16/2022,Guttenberg Clayton Ridge,Troy Mills North Linn,1
09/16/2022,Hampton-Dumont-CAL,Nevada,1
09/16/2022,Holstein Ridge View,Hull Western Christian,1
09/16/2022,Huxley Ballard,Atlantic,1
09/16/2022,Indianola,Council Bluffs Lewis Central,1
09/16/2022,Inwood West Lyon,Rock Rapids Central Lyon-George-Little Rock,1
09/16/2022,Iowa City High,West Des Moines Dowling,1
09/16/2022,Iowa City Liberty,Tiffin Clear Creek-Amana,1
09/16/2022,Iowa City Regina,Mediapolis,1
09/16/2022,Iowa Falls-Alden,Prairie City-Monroe,1
09/16/2022,Jackson Junction Turkey Valley,Riceville,1
09/16/2022,Jesup,Oelwein,1
09/16/2022,Jewell South Hamilton,Belmond-Klemme,1
09/16/2022,Johnston,Waukee Northwest,1
09/16/2022,Keokuk,Oskaloosa,1
09/16/2022,Kingsley-Pierson,Remsen St Mary,1
09/16/2022,Lake Mills,Swea City North Union,1
09/16/2022,Lamoni,Martensdale-St Marys,1
09/16/2022,Lansing Kee,Janesville,1
09/16/2022,LeGrand East Marshall,Manly Central Springs,1
09/16/2022,LeMars Gehlen,Hinton,1
09/16/2022,Lenox,Afton East Union,1
09/16/2022,Leon Central Decatur,Eldon Cardinal,1
09/16/2022,Liberty Center Southeast Warren,Seymour-Moulton-Udell,1
09/16/2022,Lisbon,Columbus Junction,1
09/16/2022,Manson Northwest Webster,Lake City South Central Calhoun,1
09/16/2022,Marcus-Meriden-Cleghorn-Remsen-Union,Hartley-Melvin-Sanborn,1
09/16/2022,Marion,DeWitt Central Clinton,1
09/16/2022,Marshalltown,Fort Dodge,1
09/16/2022,Mason City,Webster City,1
09/16/2022,Maynard West Central,Clarksville,1
09/16/2022,Melcher-Dallas,Montezuma,1
09/16/2022,Milford Okoboji,Sheldon,1
09/16/2022,Missouri Valley,Manning IKM-Manning,1
09/16/2022,MOC-Floyd Valley,LeMars,1
09/16/2022,Monticello,Tipton,1
09/16/2022,Moravia,Bussey Twin Cedars,1
09/16/2022,Mount Ayr,Avoca AHSTW,1
09/16/2022,Mount Vernon,Center Point-Urbana,1
09/16/2022,Moville Woodbury Central,Akron-Westfield,1
09/16/2022,Murray,Garden Grove Mormon Trail,1
09/16/2022,Muscatine,Pleasant Valley,1
09/16/2022,Neola Tri-Center,Logan-Magnolia,1
09/16/2022,New Sharon North Mahaska,Ogden,1
09/16/2022,North English English Valleys,New London,1
09/16/2022,Northwood-Kensett,West Bend-Mallard,1
09/16/2022,Norwalk,Dallas Center-Grimes,1
09/16/2022,Oakland Riverside,Sidney,1
09/16/2022,Onawa West Monona,Treynor,1
09/16/2022,Osage,Clear Lake,1
09/16/2022,Osceola Clarke,Clarinda,1
09/16/2022,Packwood Pekin,Wapello,1
09/16/2022,Pella Christian,Keosauqua Van Buren,1
09/16/2022,Riverside Highland,Stanwood North Cedar,1
09/16/2022,Rockford,Janesville,1
09/16/2022,Ruthven Graettinger-Terril-Ruthven-Ayrshire,Buffalo Center North Iowa,1
09/16/2022,Saint Ansgar,Mason City Newman,1
09/16/2022,Saydel,Newton,1
09/16/2022,Sergeant Bluff-Luton,Sioux City East,1
09/16/2022,Shenandoah,Red Oak,1
09/16/2022,Sibley-Ocheyedan,Sioux Rapids Sioux Central,1
09/16/2022,Sigourney-Keota,Pleasantville,1
09/16/2022,Sioux City North,Sioux City Heelan,1
09/16/2022,Sioux City Siouxland Christian,Glidden-Ralston,1
09/16/2022,Sioux City West,Council Bluffs Lincoln,1
09/16/2022,Sloan Westwood,Lawton-Bronson,1
09/16/2022,Spencer,Sioux Center,1
09/16/2022,Spirit Lake,Pocahontas Area,1
09/16/2022,Springville,Preston Easton Valley,1
09/16/2022,Storm Lake,Carroll,1
09/16/2022,Stuart West Central Valley,Guthrie Center-Adair-Casey,1
09/16/2022,Sumner-Fredericksburg,Postville,1
09/16/2022,Tabor Fremont-Mills,Bedford,1
09/16/2022,Tama Meskwaki,Garwin GMG,1
09/16/2022,Tama South Tama,Van Horne Benton,1
09/16/2022,Thornburg Tri-County,Lone Tree,1
09/16/2022,Traer North Tama,Nashua-Plainfield,1
09/16/2022,Tripoli,Gladbrook-Reinbeck,1
09/16/2022,Truro Interstate-35,Greenfield Nodaway Valley,1
09/16/2022,Underwood,Lake View East Sac,1
09/16/2022,Van Meter,Panora Panorama,1
09/16/2022,Vinton-Shellsburg,Independence,1
09/16/2022,Washington,Fort Madison,1
09/16/2022,Waterloo Columbus,Monona MFL-MarMac,1
09/16/2022,Waterloo East,Des Moines North,1
09/16/2022,Waukon,West Union North Fayette Valley,1
09/16/2022,Waverly-Shell Rock,Manchester West Delaware,1
09/16/2022,Wayland WACO,Marengo Iowa Valley,1
09/16/2022,Wellman Mid-Prairie,Eddyville-Blakesburg-Fremont,1
09/16/2022,West Branch,Letts Louisa-Muscatine,1
09/16/2022,West Burlington-Notre Dame,Mount Pleasant,1
09/16/2022,West Des Moines Valley,Waukee,1
09/16/2022,Williamsburg,Donnellson Central Lee,1
09/16/2022,Winfield-Mount Union,Victor HLV,1
09/16/2022,Winterset,Adel ADM,1
09/16/2022,Winthrop East Buchanan,Alburnett,1
09/22/2022,Dubuque Hempstead,Davenport West,1
09/22/2022,Waukee Northwest,Sioux City West,1
09/23/2022,Ackley AGWSR,Grundy Center,1
09/23/2022,Adel ADM,Atlantic,1
09/23/2022,Afton East Union,Griswold,1
09/23/2022,Akron-Westfield,LeMars Gehlen,1
09/23/2022,Alburnett,Riverside Highland,1
09/23/2022,Algona,Alleman North Polk,1
09/23/2022,Ames,Sioux City North,1
09/23/2022,Anamosa,Camanche,1
09/23/2022,Ankeny,Des Moines Roosevelt,1
09/23/2022,Aplington-Parkersburg,Eldora South Hardin,1
09/23/2022,Arlington Starmont,Guttenberg Clayton Ridge,1
09/23/2022,Audubon,Anita CAM,1
09/23/2022,Avoca AHSTW,Oakland Riverside,1
09/23/2022,Baxter,Brooklyn BGM,1
09/23/2022,Belle Plaine,New Sharon North Mahaska,1
09/23/2022,Bellevue,Stanwood North Cedar,1
09/23/2022,Belmond-Klemme,Manson Northwest Webster,1
09/23/2022,Bondurant-Farrar,Carlisle,1
09/23/2022,Boone,Norwalk,1
09/23/2022,Boyden-Hull-Rock Valley,Carroll,1
09/23/2022,Buffalo Center North Iowa,Northwood-Kensett,1
09/23/2022,Bussey Twin Cedars,Melcher-Dallas,1
09/23/2022,Carroll Kuemper,Onawa West Monona,1
09/23/2022,Cascade Western Dubuque,Waterloo Columbus,1
09/23/2022,Cedar Rapids Jefferson,Marion Linn-Mar,1
09/23/2022,Cedar Rapids Kennedy,Dubuque Senior,1
09/23/2022,Cedar Rapids Xavier,Cedar Rapids Washington,1
09/23/2022,Center Point-Urbana,Manchester West Delaware,1
09/23/2022,Centerville,Williamsburg,1
09/23/2022,Clarinda,Jefferson Greene County,1
09/23/2022,Clarksville,Tripoli,1
09/23/2022,Clear Lake,Garner-Hayfield-Ventura,1
09/23/2022,Clinton,Burlington,1
09/23/2022,Colo-NESCO,Collins-Maxwell,1
09/23/2022,Columbus Junction,Packwood Pekin,1
09/23/2022,Corning Southwest Valley,Corydon Wayne,1
09/23/2022,Council Bluffs Jefferson,Council Bluffs Lewis Central,1
09/23/2022,Council Bluffs St Albert,Earlham,1
09/23/2022,Dallas Center-Grimes,Winterset,1
09/23/2022,Davenport Assumption,DeWitt Central Clinton,1
09/23/2022,Davenport Central,Bettendorf,1
09/23/2022,Decorah,Mason City,1
09/23/2022,Delhi Maquoketa Valley,Winthrop East Buchanan,1
09/23/2022,Denison-Schleswig,Spencer,1
09/23/2022,Des Moines Hoover,Glenwood,1
09/23/2022,Des Moines North,Des Moines Lincoln,1
09/23/2022,Dike-New Hartford,LeGrand East Marshall,1
09/23/2022,Donnellson Central Lee,Wellman Mid-Prairie,1
09/23/2022,Dunkerton,Gilbertville Don Bosco,1
09/23/2022,Eddyville-Blakesburg-Fremont,Bloomfield Davis County,1
09/23/2022,Edgewood-Colesburg,Calamus-Wheatland,1
09/23/2022,Edgewood-Colesburg,Maynard West Central,1
09/23/2022,Eldon Cardinal,Keosauqua Van Buren,1
09/23/2022,Eldridge North Scott,Iowa City Liberty,1
09/23/2022,Emmetsburg,Sibley-Ocheyedan,1
09/23/2022,Estherville-Lincoln Central,Gowrie Southeast Valley,1
09/23/2022,Exira-Elk Horn-Kimballton,Bedford,1
09/23/2022,Fairfield,Keokuk,1
09/23/2022,Forest City,Osage,1
09/23/2022,Fort Dodge St Edmond,Remsen St Mary,1
09/23/2022,Garden Grove Mormon Trail,Lamoni,1
09/23/2022,Garwin GMG,Gladbrook-Reinbeck,1
09/23/2022,Glidden-Ralston,Correctionville River Valley,1
09/23/2022,Greenfield Nodaway Valley,Guthrie Center-Adair-Casey,1
09/23/2022,Grinnell,Washington,1
09/23/2022,Hampton-Dumont-CAL,Charles City,1
09/23/2022,Harlan,Saydel,1
09/23/2022,Harris-Lake Park,Algona Garrigan,1
09/23/2022,Hartley-Melvin-Sanborn,Alta-Aurelia,1
09/23/2022,Hawarden West Sioux,Hull Western Christian,1
09/23/2022,Hudson,Fairbank Wapsie Valley,1
09/23/2022,Humboldt,Huxley Ballard,1
09/23/2022,Ida Grove O-A-BC-IG,Spirit Lake,1
09/23/2022,Indianola,Perry,1
09/23/2022,Iowa City High,Iowa City West,1
09/23/2022,Janesville,Jackson Junction Turkey Valley,1
09/23/2022,Knoxville,Creston-Orient-Macksburg,1
09/23/2022,Lake City South Central Calhoun,Eagle Grove,1
09/23/2022,Lake View East Sac,Treynor,1
09/23/2022,Lansing Kee,Elkader Central,1
09/23/2022,LaPorte City Union,Jesup,1
09/23/2022,Lawton-Bronson,Moville Woodbury Central,1
09/23/2022,LeMars,Storm Lake,1
09/23/2022,Leon Central Decatur,Pleasantville,1
09/23/2022,Letts Louisa-Muscatine,Durant,1
09/23/2022,Logan-Magnolia,Missouri Valley,1
09/23/2022,Lone Tree,Winfield-Mount Union,1
09/23/2022,Lynnville-Sully,Madrid,1
09/23/2022,Malvern East Mills,Tabor Fremont-Mills,1
09/23/2022,Manly Central Springs,Denver,1
09/23/2022,Manning IKM-Manning,Neola Tri-Center,1
09/23/2022,Mapleton MV-A-O-CO-U,Underwood,1
09/23/2022,Maquoketa,Vinton-Shellsburg,1
09/23/2022,Marengo Iowa Valley,North English English Valleys,1
09/23/2022,Marion,Epworth Western Dubuque,1
09/23/2022,Marshalltown,West Des Moines Valley,1
09/23/2022,Martensdale-St Marys,Murray,1
09/23/2022,Mason City Newman,Greene North Butler,1
09/23/2022,Maynard West Central,Tama Meskwaki,1
09/23/2022,Mediapolis,West Branch,1
09/23/2022,Mondamin West Harrison-Whiting,Coon Rapids-Bayard,1
09/23/2022,Monona MFL-MarMac,Sumner-Fredericksburg,1
09/23/2022,Montezuma,Liberty Center Southeast Warren,1
09/23/2022,Mount Pleasant,Fort Madison,1
09/23/2022,Muscatine,Cedar Falls,1
09/23/2022,Nashua-Plainfield,Conrad BCLUW,1
09/23/2022,Nevada,Gilbert,1
09/23/2022,Newell-Fonda,Kingsley-Pierson,1
09/23/2022,New Hampton,Cresco Crestwood,1
09/23/2022,New London,Wayland WACO,1
09/23/2022,Newton,Pella,1
09/23/2022,Oelwein,Waukon,1
09/23/2022,Ogden,Colfax-Mingo,1
09/23/2022,Orange City Unity Christian,Milford Okoboji,1
09/23/2022,Osceola Clarke,Shenandoah,1
09/23/2022,Ottumwa,Cedar Rapids Prairie,1
09/23/2022,Paullina South O'Brien,Marcus-Meriden-Cleghorn-Remsen-Union,1
09/23/2022,Pella Christian,Sigourney-Keota,1
09/23/2022,Pleasant Hill Southeast Polk,Waterloo West,1
09/23/2022,Pleasant Valley,Davenport North,1
09/23/2022,Pocahontas Area,Clarion-Goldfield-Dows,1
09/23/2022,Postville,Dyersville Beckman,1
09/23/2022,Prairie City-Monroe,Albia,1
09/23/2022,Preston Easton Valley,Central City,1
09/23/2022,Red Oak,Des Moines Christian,1
09/23/2022,Riceville,Lansing Kee,1
09/23/2022,Riceville,Rockford,1
09/23/2022,Rock Rapids Central Lyon-George-Little Rock,Cherokee Washington,1
09/23/2022,Sergeant Bluff-Luton,Sioux Center,1
09/23/2022,Seymour-Moulton-Udell,Moravia,1
09/23/2022,Sheffield West Fork,Lake Mills,1
09/23/2022,Sheldon,Inwood West Lyon,1
09/23/2022,Sidney,Mount Ayr,1
09/23/2022,Sioux City East,Ankeny Centennial,1
09/23/2022,Sioux City Heelan,MOC-Floyd Valley,1
09/23/2022,Sioux Rapids Sioux Central,Holstein Ridge View,1
09/23/2022,Sloan Westwood,Hinton,1
09/23/2022,Solon,West Burlington-Notre Dame,1
09/23/2022,Stanton-Essex,Lenox,1
09/23/2022,State Center West Marshall,Iowa Falls-Alden,1
09/23/2022,Story City Roland-Story,Chariton,1
09/23/2022,Stuart West Central Valley,Van Meter,1
09/23/2022,Swea City North Union,Britt West Hancock,1
09/23/2022,Tama South Tama,Independence,1
09/23/2022,Tiffin Clear Creek-Amana,Oskaloosa,1
09/23/2022,Tipton,Goose Lake Northeast,1
09/23/2022,Traer North Tama,Saint Ansgar,1
09/23/2022,Troy Mills North Linn,Calmar South Winneshiek,1
09/23/2022,Truro Interstate-35,Panora Panorama,1
09/23/2022,Urbandale,Des Moines East,1
09/23/2022,Van Horne Benton,Mount Vernon,1
09/23/2022,Victor HLV,Thornburg Tri-County,1
09/23/2022,Wapello,Lisbon,1
09/23/2022,Waterloo East,Waverly-Shell Rock,1
09/23/2022,Waukee,Johnston,1
09/23/2022,Webster City,Fort Dodge,1
09/23/2022,West Bend-Mallard,Ruthven Graettinger-Terril-Ruthven-Ayrshire,1
09/23/2022,West Des Moines Dowling,Council Bluffs Lincoln,1
09/23/2022,West Liberty,Monticello,1
09/23/2022,Westside Ar-We-Va,Sioux City Siouxland Christian,1
09/23/2022,West Union North Fayette Valley,Dubuque Wahlert,1
09/23/2022,Wilton,Iowa City Regina,1
09/23/2022,Woodbine,Dunlap Boyer Valley,1
09/23/2022,Woodward Academy,Des Moines Grand View Christian,1
09/23/2022,Woodward-Granger,Jewell South Hamilton,1
09/23/2022,Wyoming Midland,Springville,1
09/29/2022,Gladbrook-Reinbeck,Northwood-Kensett,0
09/29/2022,Manson Northwest Webster,Eagle Grove,1
09/30/2022,Ackley AGWSR,Hudson,1
09/30/2022,Albia,Chariton,1
09/30/2022,Algona Garrigan,Fort Dodge St Edmond,1
09/30/2022,Alleman North Polk,Humboldt,1
09/30/2022,Alta-Aurelia,Marcus-Meriden-Cleghorn-Remsen-Union,1
09/30/2022,Anamosa,Tipton,1
09/30/2022,Anita CAM,Exira-Elk Horn-Kimballton,1
09/30/2022,Ankeny Centennial,Urbandale,1
09/30/2022,Arlington Starmont,Troy Mills North Linn,1
09/30/2022,Atlantic,Harlan,1
09/30/2022,Bedford,Malvern East Mills,1
09/30/2022,Belmond-Klemme,Woodward-Granger,1
09/30/2022,Bettendorf,Pleasant Valley,1
09/30/2022,Britt West Hancock,Hartley-Melvin-Sanborn,1
09/30/2022,Brooklyn BGM,Des Moines Grand View Christian,1
09/30/2022,Burlington,Eldridge North Scott,1
09/30/2022,Calamus-Wheatland,Preston Easton Valley,1
09/30/2022,Camanche,Monticello,1
09/30/2022,Carlisle,Boone,1
09/30/2022,Carroll,Sioux City Heelan,1
09/30/2022,Cascade Western Dubuque,Sumner-Fredericksburg,1
09/30/2022,Cedar Rapids Kennedy,Cedar Falls,1
09/30/2022,Cedar Rapids Washington,Tiffin Clear Creek-Amana,1
09/30/2022,Centerville,Eddyville-Blakesburg-Fremont,1
09/30/2022,Central City,Springville,1
09/30/2022,Charles City,Center Point-Urbana,1
09/30/2022,Cherokee Washington,Sheldon,1
09/30/2022,Clarion-Goldfield-Dows,Gowrie Southeast Valley,1
09/30/2022,Clear Lake,Forest City,1
09/30/2022,Colfax-Mingo,Lynnville-Sully,1
09/30/2022,Collins-Maxwell,Baxter,1
09/30/2022,Conrad BCLUW,Traer North Tama,1
09/30/2022,Coon Rapids-Bayard,Audubon,1
09/30/2022,Council Bluffs Lewis Central,Des Moines Hoover,1
09/30/2022,Council Bluffs Lincoln,Ames,1
09/30/2022,Creston-Orient-Macksburg,Adel ADM,1
09/30/2022,Dallas Center-Grimes,Council Bluffs Jefferson,1
09/30/2022,Davenport North,Iowa City High,1
09/30/2022,Davenport West,Dubuque Senior,1
09/30/2022,Denison-Schleswig,Storm Lake,1
09/30/2022,Des Moines Christian,Osceola Clarke,1
09/30/2022,Des Moines East,Sioux City West,1
09/30/2022,Des Moines Lincoln,Marshalltown,1
09/30/2022,Des Moines Roosevelt,Des Moines North,1
09/30/2022,DeWitt Central Clinton,Maquoketa,1
09/30/2022,Dike-New Hartford,Aplington-Parkersburg,1
09/30/2022,Donnellson Central Lee,Bloomfield Davis County,1
09/30/2022,Dubuque Hempstead,Muscatine,1
09/30/2022,Dunkerton,Colo-NESCO,1
09/30/2022,Dunlap Boyer Valley,Westside Ar-We-Va,1
09/30/2022,Dyersville Beckman,Waterloo Columbus,1
09/30/2022,Earlham,Corning Southwest Valley,1
09/30/2022,Edgewood-Colesburg,Lansing Kee,1
09/30/2022,Elkader Central,Wyoming Midland,1
09/30/2022,Epworth Western Dubuque,Decorah,1
09/30/2022,Estherville-Lincoln Central,Spirit Lake,1
09/30/2022,Fairbank Wapsie Valley,Calmar South Winneshiek,1
09/30/2022,Fort Dodge,Spencer,1
09/30/2022,Fort Madison,Clinton,1
09/30/2022,Garden Grove Mormon Trail,Martensdale-St Marys,1
09/30/2022,Garner-Hayfield-Ventura,Cresco Crestwood,1
09/30/2022,Gilbert,Algona,1
09/30/2022,Gilbertville Don Bosco,Garwin GMG,1
09/30/2022,Gladbrook-Reinbeck,Tama Meskwaki,1
09/30/2022,Greene North Butler,Saint Ansgar,1
09/30/2022,Grundy Center,Nashua-Plainfield,1
09/30/2022,Guthrie Center-Adair-Casey,Truro Interstate-35,1
09/30/2022,Guttenberg Clayton Ridge,Delhi Maquoketa Valley,1
09/30/2022,Hawarden West Sioux,Holstein Ridge View,1
09/30/2022,Hinton,Akron-Westfield,1
09/30/2022,Hull Western Christian,Sibley-Ocheyedan,1
09/30/2022,Huxley Ballard,Nevada,1
09/30/2022,Independence,Hampton-Dumont-CAL,1
09/30/2022,Inwood West Lyon,Milford Okoboji,1
09/30/2022,Iowa City Liberty,Mount Pleasant,1
09/30/2022,Iowa City West,Davenport Central,1
09/30/2022,Jackson Junction Turkey Valley,Clarksville,1
09/30/2022,Janesville,Riceville,1
09/30/2022,Jefferson Greene County,Red Oak,1
09/30/2022,Johnston,West Des Moines Dowling,1
09/30/2022,Keokuk,Grinnell,1
09/30/2022,Keosauqua Van Buren,Leon Central Decatur,1
09/30/2022,Kingsley-Pierson,Glidden-Ralston,1
09/30/2022,Lake City South Central Calhoun,Jewell South Hamilton,1
09/30/2022,Lake Mills,Mason City Newman,1
09/30/2022,Lake View East Sac,Carroll Kuemper,1
09/30/2022,Lamoni,Seymour-Moulton-Udell,1
09/30/2022,LeGrand East Marshall,Denver,1
09/30/2022,LeMars Gehlen,Paullina South O'Brien,1
09/30/2022,Lenox,Griswold,1
09/30/2022,Letts Louisa-Muscatine,Iowa City Regina,1
09/30/2022,Madrid,Corydon Wayne,1
09/30/2022,Manchester West Delaware,Tama South Tama,1
09/30/2022,Manly Central Springs,Eldora South Hardin,1
09/30/2022,Manning IKM-Manning,Logan-Magnolia,1
09/30/2022,Marengo Iowa Valley,New London,1
09/30/2022,Mason City,Waterloo East,1
09/30/2022,Mediapolis,Wilton,1
09/30/2022,Melcher-Dallas,Woodward Academy,1
09/30/2022,Missouri Valley,Oakland Riverside,1
09/30/2022,MOC-Floyd Valley,Sergeant Bluff-Luton,1
09/30/2022,Mondamin West Harrison-Whiting,Woodbine,1
09/30/2022,Montezuma,Bussey Twin Cedars,1
09/30/2022,Moravia,Liberty Center Southeast Warren,1
09/30/2022,Mount Ayr,Council Bluffs St Albert,1
09/30/2022,Mount Vernon,Davenport Assumption,1
09/30/2022,Moville Woodbury Central,Sloan Westwood,1
09/30/2022,Murray,Stanton-Essex,1
09/30/2022,Neola Tri-Center,Lawton-Bronson,1
09/30/2022,New Hampton,Osage,1
09/30/2022,New Sharon North Mahaska,Columbus Junction,1
09/30/2022,North English English Valleys,Victor HLV,1
09/30/2022,Northwood-Kensett,Rockford,1
09/30/2022,Norwalk,Indianola,1
09/30/2022,Oelwein,LaPorte City Union,1
09/30/2022,Ogden,Belle Plaine,1
09/30/2022,Onawa West Monona,Mapleton MV-A-O-CO-U,1
09/30/2022,Oskaloosa,Newton,1
09/30/2022,Ottumwa,Cedar Rapids Jefferson,1
09/30/2022,Packwood Pekin,Lisbon,1
09/30/2022,Panora Panorama,Stuart West Central Valley,1
09/30/2022,Pella,Cedar Rapids Xavier,1
09/30/2022,Perry,Bondurant-Farrar,1
09/30/2022,Pleasant Hill Southeast Polk,Marion Linn-Mar,1
09/30/2022,Pleasantville,Pella Christian,1
09/30/2022,Pocahontas Area,Ida Grove O-A-BC-IG,1
09/30/2022,Postville,Monona MFL-MarMac,1
09/30/2022,Prairie City-Monroe,State Center West Marshall,1
09/30/2022,Remsen St Mary,Newell-Fonda,1
09/30/2022,Riverside Highland,Wapello,1
09/30/2022,Rock Rapids Central Lyon-George-Little Rock,Orange City Unity Christian,1
09/30/2022,Ruthven Graettinger-Terril-Ruthven-Ayrshire,Harris-Lake Park,1
09/30/2022,Saydel,Knoxville,1
09/30/2022,Sheffield West Fork,Swea City North Union,1
09/30/2022,Shenandoah,Clarinda,1
09/30/2022,Sidney,Avoca AHSTW,1
09/30/2022,Sigourney-Keota,Eldon Cardinal,1
09/30/2022,Sioux Center,Boyden-Hull-Rock Valley,1
09/30/2022,Sioux City East,Waukee Northwest,1
09/30/2022,Sioux City North,Waukee,1
09/30/2022,Sioux City Siouxland Christian,Correctionville River Valley,1
09/30/2022,Sioux Rapids Sioux Central,Emmetsburg,1
09/30/2022,Stanwood North Cedar,Alburnett,1
09/30/2022,Story City Roland-Story,Iowa Falls-Alden,1
09/30/2022,Tabor Fremont-Mills,Afton East Union,1
09/30/2022,Thornburg Tri-County,Winfield-Mount Union,1
09/30/2022,Treynor,Underwood,1
09/30/2022,Tripoli,Maynard West Central,1
09/30/2022,Van Meter,Greenfield Nodaway Valley,1
09/30/2022,Vinton-Shellsburg,Van Horne Benton,1
09/30/2022,Washington,Solon,1
09/30/2022,Waterloo West,Cedar Rapids Prairie,1
09/30/2022,Waukon,Dubuque Wahlert,1
09/30/2022,Waverly-Shell Rock,Marion,1
09/30/2022,Wayland WACO,Lone Tree,1
09/30/2022,Webster City,LeMars,1
09/30/2022,West Bend-Mallard,Buffalo Center North Iowa,1
09/30/2022,West Branch,Durant,1
09/30/2022,West Burlington-Notre Dame,Fairfield,1
09/30/2022,West Des Moines Valley,Ankeny,1
09/30/2022,West Liberty,Goose Lake Northeast,1
09/30/2022,West Union North Fayette Valley,Jesup,1
09/30/2022,Williamsburg,Wellman Mid-Prairie,1
09/30/2022,Winterset,Glenwood,1
09/30/2022,Winthrop East Buchanan,Bellevue,1
10/06/2022,Johnston,Sioux City North,1
10/07/2022,Adel ADM,Harlan,1
10/07/2022,Afton East Union,Malvern East Mills,1
10/07/2022,Algona Garrigan,Ruthven Graettinger-Terril-Ruthven-Ayrshire,1
10/07/2022,Anita CAM,Coon Rapids-Bayard,1
10/07/2022,Ankeny,Des Moines North,1
10/07/2022,Aplington-Parkersburg,Manly Central Springs,1
10/07/2022,Atlantic,Knoxville,1
10/07/2022,Audubon,Mondamin West Harrison-Whiting,1
10/07/2022,Avoca AHSTW,Logan-Magnolia,1
10/07/2022,Baxter,Montezuma,1
10/07/2022,Bloomfield Davis County,Williamsburg,1
10/07/2022,Bondurant-Farrar,Boone,1
10/07/2022,Buffalo Center North Iowa,Riceville,1
10/07/2022,Burlington,Mount Pleasant,1
10/07/2022,Calmar South Winneshiek,Bellevue,1
10/07/2022,Carlisle,Indianola,1
10/07/2022,Carroll Kuemper,Treynor,1
10/07/2022,Cedar Falls,Dubuque Hempstead,1
10/07/2022,Cedar Rapids Jefferson,Waterloo West,1
10/07/2022,Cedar Rapids Prairie,Pleasant Hill Southeast Polk,1
10/07/2022,Cedar Rapids Washington,Newton,1
10/07/2022,Cedar Rapids Xavier,Tiffin Clear Creek-Amana,1
10/07/2022,Center Point-Urbana,Tama South Tama,1
10/07/2022,Central City,Calamus-Wheatland,1
10/07/2022,Central City,Maynard West Central,1
10/07/2022,Chariton,Prairie City-Monroe,1
10/07/2022,Charles City,Independence,1
10/07/2022,Clarksville,Janesville,1
10/07/2022,Clinton,Eldridge North Scott,1
10/07/2022,Colo-NESCO,Brooklyn BGM,1
10/07/2022,Columbus Junction,Stanwood North Cedar,1
10/07/2022,Conrad BCLUW,Grundy Center,1
10/07/2022,Correctionville River Valley,Kingsley-Pierson,1
10/07/2022,Corydon Wayne,New Sharon North Mahaska,1
10/07/2022,Council Bluffs Jefferson,Winterset,1
10/07/2022,Council Bluffs St Albert,Sidney,1
10/07/2022,Cresco Crestwood,Clear Lake,1
10/07/2022,Creston-Orient-Macksburg,Saydel,1
10/07/2022,Davenport North,Davenport Central,1
10/07/2022,Davenport West,Cedar Rapids Kennedy,1
10/07/2022,Decorah,Marion,1
10/07/2022,Delhi Maquoketa Valley,Arlington Starmont,1
10/07/2022,Denver,Dike-New Hartford,1
10/07/2022,Des Moines Christian,Clarinda,1
10/07/2022,Des Moines East,Sioux City East,1
10/07/2022,Des Moines Grand View Christian,Melcher-Dallas,1
10/07/2022,Des Moines Hoover,Dallas Center-Grimes,1
10/07/2022,Des Moines Lincoln,West Des Moines Valley,1
10/07/2022,Dubuque Senior,Muscatine,1
10/07/2022,Dubuque Wahlert,Oelwein,1
10/07/2022,Durant,Mediapolis,1
10/07/2022,Eagle Grove,Belmond-Klemme,1
10/07/2022,Eddyville-Blakesburg-Fremont,Donnellson Central Lee,1
10/07/2022,Eldon Cardinal,Pella Christian,1
10/07/2022,Eldora South Hardin,LeGrand East Marshall,1
10/07/2022,Exira-Elk Horn-Kimballton,Dunlap Boyer Valley,1
10/07/2022,Forest City,New Hampton,1
10/07/2022,Fort Dodge St Edmond,Northwood-Kensett,1
10/07/2022,Fort Madison,Iowa City Liberty,1
10/07/2022,Garwin GMG,Dunkerton,1
10/07/2022,Gilbert,Humboldt,1
10/07/2022,Gladbrook-Reinbeck,Gilbertville Don Bosco,1
10/07/2022,Glenwood,Council Bluffs Lewis Central,1
10/07/2022,Glidden-Ralston,Newell-Fonda,1
10/07/2022,Goose Lake Northeast,Camanche,1
10/07/2022,Gowrie Southeast Valley,Pocahontas Area,1
10/07/2022,Greene North Butler,Lake Mills,1
10/07/2022,Greenfield Nodaway Valley,Stuart West Central Valley,1
10/07/2022,Griswold,Tabor Fremont-Mills,1
10/07/2022,Guthrie Center-Adair-Casey,Panora Panorama,1
10/07/2022,Guttenberg Clayton Ridge,Winthrop East Buchanan,1
10/07/2022,Harris-Lake Park,West Bend-Mallard,1
10/07/2022,Hartley-Melvin-Sanborn,Hinton,1
10/07/2022,Holstein Ridge View,Emmetsburg,1
10/07/2022,Hull Western Christian,Sioux Rapids Sioux Central,1
10/07/2022,Huxley Ballard,Alleman North Polk,1
10/07/2022,Ida Grove O-A-BC-IG,Estherville-Lincoln Central,1
10/07/2022,Inwood West Lyon,Orange City Unity Christian,1
10/07/2022,Iowa City Regina,West Branch,1
10/07/2022,Iowa City West,Bettendorf,1
10/07/2022,Iowa Falls-Alden,Albia,1
10/07/2022,Jackson Junction Turkey Valley,Tripoli,1
10/07/2022,Jefferson Greene County,Shenandoah,1
10/07/2022,Jesup,Waukon,1
10/07/2022,Jewell South Hamilton,Manson Northwest Webster,1
10/07/2022,Keosauqua Van Buren,Pleasantville,1
10/07/2022,LaPorte City Union,West Union North Fayette Valley,1
10/07/2022,Lawton-Bronson,Manning IKM-Manning,1
10/07/2022,LeMars,Denison-Schleswig,1
10/07/2022,Leon Central Decatur,Sigourney-Keota,1
10/07/2022,Liberty Center Southeast Warren,Murray,1
10/07/2022,Lisbon,Riverside Highland,1
10/07/2022,Lone Tree,New London,1
10/07/2022,Lynnville-Sully,Ogden,1
10/07/2022,Madrid,Colfax-Mingo,1
10/07/2022,Manchester West Delaware,Hampton-Dumont-CAL,1
10/07/2022,Mapleton MV-A-O-CO-U,Lake View East Sac,1
10/07/2022,Marcus-Meriden-Cleghorn-Remsen-Union,LeMars Gehlen,1
10/07/2022,Marion Linn-Mar,Ottumwa,1
10/07/2022,Marshalltown,Des Moines Roosevelt,1
10/07/2022,Martensdale-St Marys,Lenox,1
10/07/2022,Mason City Newman,Sheffield West Fork,1
10/07/2022,Milford Okoboji,Cherokee Washington,1
10/07/2022,MOC-Floyd Valley,Carroll,1
10/07/2022,Monona MFL-MarMac,Cascade Western Dubuque,1
10/07/2022,Monticello,Anamosa,1
10/07/2022,Moravia,Lamoni,1
10/07/2022,Mount Ayr,Earlham,1
10/07/2022,Mount Vernon,Maquoketa,1
10/07/2022,Moville Woodbury Central,Neola Tri-Center,1
10/07/2022,Nashua-Plainfield,Ackley AGWSR,1
10/07/2022,Nevada,Algona,1
10/07/2022,Oakland Riverside,Corning Southwest Valley,1
10/07/2022,Osage,Garner-Hayfield-Ventura,1
10/07/2022,Packwood Pekin,Belle Plaine,1
10/07/2022,Paullina South O'Brien,Akron-Westfield,1
10/07/2022,Pella,Oskaloosa,1
10/07/2022,Perry,Norwalk,1
10/07/2022,Pleasant Valley,Iowa City High,1
10/07/2022,Preston Easton Valley,Edgewood-Colesburg,1
10/07/2022,Red Oak,Osceola Clarke,1
10/07/2022,Rockford,Maynard West Central,1
10/07/2022,Saint Ansgar,Britt West Hancock,1
10/07/2022,Sergeant Bluff-Luton,Boyden-Hull-Rock Valley,1
10/07/2022,Seymour-Moulton-Udell,Garden Grove Mormon Trail,1
10/07/2022,Sheldon,Rock Rapids Central Lyon-George-Little Rock,1
10/07/2022,Sibley-Ocheyedan,Hawarden West Sioux,1
10/07/2022,Sioux Center,Sioux City Heelan,1
10/07/2022,Sioux City West,Urbandale,1
10/07/2022,Sloan Westwood,Missouri Valley,1
10/07/2022,Solon,Fairfield,1
10/07/2022,Spencer,Webster City,1
10/07/2022,Spirit Lake,Clarion-Goldfield-Dows,1
10/07/2022,Springville,Elkader Central,1
10/07/2022,Stanton-Essex,Bedford,1
10/07/2022,State Center West Marshall,Story City Roland-Story,1
10/07/2022,Storm Lake,Fort Dodge,1
10/07/2022,Sumner-Fredericksburg,Dyersville Beckman,1
10/07/2022,Swea City North Union,Alta-Aurelia,1
10/07/2022,Tama Meskwaki,Collins-Maxwell,1
10/07/2022,Thornburg Tri-County,North English English Valleys,1
10/07/2022,Tipton,West Liberty,1
10/07/2022,Traer North Tama,Fairbank Wapsie Valley,1
10/07/2022,Troy Mills North Linn,Hudson,1
10/07/2022,Truro Interstate-35,Van Meter,1
10/07/2022,Underwood,Onawa West Monona,1
10/07/2022,Van Horne Benton,Davenport Assumption,1
10/07/2022,Victor HLV,Marengo Iowa Valley,1
10/07/2022,Vinton-Shellsburg,DeWitt Central Clinton,1
10/07/2022,Wapello,Alburnett,1
10/07/2022,Washington,Keokuk,1
10/07/2022,Waterloo Columbus,Postville,1
10/07/2022,Waterloo East,Epworth Western Dubuque,1
10/07/2022,Waukee,Council Bluffs Lincoln,1
10/07/2022,Waukee Northwest,Ankeny Centennial,1
10/07/2022,Waverly-Shell Rock,Mason City,1
10/07/2022,Wellman Mid-Prairie,Centerville,1
10/07/2022,West Burlington-Notre Dame,Grinnell,1
10/07/2022,West Des Moines Dowling,Ames,1
10/07/2022,Westside Ar-We-Va,Remsen St Mary,1
10/07/2022,Wilton,Letts Louisa-Muscatine,1
10/07/2022,Winfield-Mount Union,Wayland WACO,1
10/07/2022,Woodbine,Sioux City Siouxland Christian,1
10/07/2022,Woodward Academy,Bussey Twin Cedars,1
10/07/2022,Woodward-Granger,Lake City South Central Calhoun,1
10/07/2022,Wyoming Midland,Lansing Kee,1
10/13/2022,Des Moines Roosevelt,Sioux City East,1
10/13/2022,Marshalltown,Cedar Rapids Jefferson,1
10/13/2022,Muscatine,Davenport North,1
10/14/2022,Ackley AGWSR,Sheffield West Fork,1
10/14/2022,Akron-Westfield,Hartley-Melvin-Sanborn,1
10/14/2022,Albia,State Center West Marshall,1
10/14/2022,Alburnett,Columbus Junction,1
10/14/2022,Algona,Huxley Ballard,1
10/14/2022,Alleman North Polk,Gilbert,1
10/14/2022,Ames,Des Moines Lincoln,1
10/14/2022,Ankeny Centennial,Pleasant Hill Southeast Polk,1
10/14/2022,Arlington Starmont,Lisbon,1
10/14/2022,Avoca AHSTW,Council Bluffs St Albert,1
10/14/2022,Bedford,Afton East Union,1
10/14/2022,Belle Plaine,Lynnville-Sully,1
10/14/2022,Bellevue,Guttenberg Clayton Ridge,1
10/14/2022,Bettendorf,Cedar Falls,1
10/14/2022,Bloomfield Davis County,Wellman Mid-Prairie,1
10/14/2022,Boone,Perry,1
10/14/2022,Boyden-Hull-Rock Valley,MOC-Floyd Valley,1
10/14/2022,Britt West Hancock,Greene North Butler,1
10/14/2022,Buffalo Center North Iowa,Harris-Lake Park,1
10/14/2022,Bussey Twin Cedars,Baxter,1
10/14/2022,Calamus-Wheatland,Springville,1
10/14/2022,Camanche,Tipton,1
10/14/2022,Carroll,Sioux Center,1
10/14/2022,Cascade Western Dubuque,Postville,1
10/14/2022,Cedar Rapids Kennedy,Johnston,1
10/14/2022,Cedar Rapids Prairie,Iowa City West,1
10/14/2022,Cherokee Washington,Inwood West Lyon,1
10/14/2022,Clarinda,Red Oak,1
10/14/2022,Clarion-Goldfield-Dows,Ida Grove O-A-BC-IG,1
10/14/2022,Colfax-Mingo,Corydon Wayne,1
10/14/2022,Collins-Maxwell,Gladbrook-Reinbeck,1
10/14/2022,Colo-NESCO,Garwin GMG,1
10/14/2022,Coon Rapids-Bayard,Exira-Elk Horn-Kimballton,1
10/14/2022,Corning Southwest Valley,Mount Ayr,1
10/14/2022,Council Bluffs Lewis Central,Dallas Center-Grimes,1
10/14/2022,Council Bluffs Lincoln,Des Moines East,1
10/14/2022,Davenport Assumption,Vinton-Shellsburg,1
10/14/2022,Davenport Central,Marion Linn-Mar,1
10/14/2022,Decorah,Waterloo East,1
10/14/2022,Des Moines North,Ottumwa,1
10/14/2022,DeWitt Central Clinton,Mount Vernon,1
10/14/2022,Donnellson Central Lee,Centerville,1
10/14/2022,Dubuque Senior,Pleasant Valley,1
10/14/2022,Dunlap Boyer Valley,Anita CAM,1
10/14/2022,Dyersville Beckman,Monona MFL-MarMac,1
10/14/2022,Earlham,Oakland Riverside,1
10/14/2022,Edgewood-Colesburg,Wyoming Midland,1
10/14/2022,Eldora South Hardin,Denver,1
10/14/2022,Eldridge North Scott,Fort Madison,1
10/14/2022,Elkader Central,Central City,1
10/14/2022,Emmetsburg,Hull Western Christian,1
10/14/2022,Epworth Western Dubuque,Waverly-Shell Rock,1
10/14/2022,Estherville-Lincoln Central,Pocahontas Area,1
10/14/2022,Fairbank Wapsie Valley,Conrad BCLUW,1
10/14/2022,Fairfield,Washington,1
10/14/2022,Fort Dodge,Denison-Schleswig,1
10/14/2022,Garden Grove Mormon Trail,Des Moines Grand View Christian,1
10/14/2022,Garner-Hayfield-Ventura,Forest City,1
10/14/2022,Gilbertville Don Bosco,Tama Meskwaki,1
10/14/2022,Glenwood,Council Bluffs Jefferson,1
10/14/2022,Goose Lake Northeast,Monticello,1
10/14/2022,Grinnell,Solon,1
10/14/2022,Grundy Center,Traer North Tama,1
10/14/2022,Hampton-Dumont-CAL,Center Point-Urbana,1
10/14/2022,Harlan,Creston-Orient-Macksburg,1
10/14/2022,Hiawatha IL,Central City,1
10/14/2022,Hinton,Paullina South O'Brien,1
10/14/2022,Hudson,Nashua-Plainfield,1
10/14/2022,Humboldt,Nevada,1
10/14/2022,Independence,Manchester West Delaware,1
10/14/2022,Indianola,Bondurant-Farrar,1
10/14/2022,Iowa City High,Davenport West,1
10/14/2022,Iowa City Liberty,Burlington,1
10/14/2022,Iowa City Regina,Durant,1
10/14/2022,Iowa Falls-Alden,Chariton,1
10/14/2022,Janesville,Dunkerton,1
10/14/2022,Jesup,Dubuque Wahlert,1
10/14/2022,Jewell South Hamilton,Eagle Grove,1
10/14/2022,Keokuk,West Burlington-Notre Dame,1
10/14/2022,Kingsley-Pierson,Sioux City Siouxland Christian,1
10/14/2022,Knoxville,Adel ADM,1
10/14/2022,Lake City South Central Calhoun,Belmond-Klemme,1
10/14/2022,Lake Mills,Saint Ansgar,1
10/14/2022,Lamoni,Liberty Center Southeast Warren,1
10/14/2022,Lansing Kee,Preston Easton Valley,1
10/14/2022,LeGrand East Marshall,Aplington-Parkersburg,1
10/14/2022,LeMars Gehlen,Alta-Aurelia,1
10/14/2022,Letts Louisa-Muscatine,Mediapolis,1
10/14/2022,Logan-Magnolia,Lawton-Bronson,1
10/14/2022,Malvern East Mills,Stanton-Essex,1
10/14/2022,Manly Central Springs,Dike-New Hartford,1
10/14/2022,Manson Northwest Webster,Woodward-Granger,1
10/14/2022,Maquoketa,Van Horne Benton,1
10/14/2022,Marengo Iowa Valley,Lone Tree,1
10/14/2022,Marion,Mason City,1
10/14/2022,Martensdale-St Marys,Seymour-Moulton-Udell,1
10/14/2022,Maynard West Central,Jackson Junction Turkey Valley,1
10/14/2022,Melcher-Dallas,Brooklyn BGM,1
10/14/2022,Missouri Valley,Moville Woodbury Central,1
10/14/2022,Mondamin West Harrison-Whiting,Griswold,1
10/14/2022,Montezuma,Woodward Academy,1
10/14/2022,Mount Pleasant,Clinton,1
10/14/2022,Murray,Moravia,1
10/14/2022,Neola Tri-Center,Sloan Westwood,1
10/14/2022,Newell-Fonda,Westside Ar-We-Va,1
10/14/2022,New Hampton,Clear Lake,1
10/14/2022,New London,Victor HLV,1
10/14/2022,New Sharon North Mahaska,Madrid,1
10/14/2022,Newton,Cedar Rapids Xavier,1
10/14/2022,North English English Valleys,Winfield-Mount Union,1
10/14/2022,Northwood-Kensett,Algona Garrigan,1
10/14/2022,Norwalk,Carlisle,1
10/14/2022,Ogden,Manning IKM-Manning,1
10/14/2022,Onawa West Monona,Lake View East Sac,1
10/14/2022,Orange City Unity Christian,Sheldon,1
10/14/2022,Osage,Cresco Crestwood,1
10/14/2022,Osceola Clarke,Jefferson Greene County,1
10/14/2022,Oskaloosa,Cedar Rapids Washington,1
10/14/2022,Panora Panorama,Greenfield Nodaway Valley,1
10/14/2022,Pella Christian,Leon Central Decatur,1
10/14/2022,Pleasantville,Eldon Cardinal,1
10/14/2022,Remsen St Mary,Glidden-Ralston,1
10/14/2022,Riceville,Clarksville,1
10/14/2022,Riverside Highland,Packwood Pekin,1
10/14/2022,Rock Rapids Central Lyon-George-Little Rock,Milford Okoboji,1
10/14/2022,Ruthven Graettinger-Terril-Ruthven-Ayrshire,Fort Dodge St Edmond,1
10/14/2022,Saydel,Atlantic,1
10/14/2022,Shenandoah,Des Moines Christian,1
10/14/2022,Sibley-Ocheyedan,Holstein Ridge View,1
10/14/2022,Sidney,Marcus-Meriden-Cleghorn-Remsen-Union,1
10/14/2022,Sigourney-Keota,Keosauqua Van Buren,1
10/14/2022,Sioux City Heelan,Sergeant Bluff-Luton,1
10/14/2022,Sioux City North,Sioux City West,1
10/14/2022,Sioux Rapids Sioux Central,Hawarden West Sioux,1
10/14/2022,Spencer,LeMars,1
10/14/2022,Spirit Lake,Gowrie Southeast Valley,1
10/14/2022,Stanwood North Cedar,Wapello,1
10/14/2022,Storm Lake,Webster City,1
10/14/2022,Story City Roland-Story,Prairie City-Monroe,1
10/14/2022,Stuart West Central Valley,Truro Interstate-35,1
10/14/2022,Sumner-Fredericksburg,Waterloo Columbus,1
10/14/2022,Swea City North Union,Mason City Newman,1
10/14/2022,Tabor Fremont-Mills,Lenox,1
10/14/2022,Tama South Tama,Charles City,1
10/14/2022,Tiffin Clear Creek-Amana,Pella,1
10/14/2022,Treynor,Mapleton MV-A-O-CO-U,1
10/14/2022,Tripoli,Rockford,1
10/14/2022,Tripoli,Springville,1
10/14/2022,Troy Mills North Linn,Delhi Maquoketa Valley,1
10/14/2022,Underwood,Carroll Kuemper,1
10/14/2022,Urbandale,Waukee,1
10/14/2022,Van Meter,Guthrie Center-Adair-Casey,1
10/14/2022,Waterloo West,Dubuque Hempstead,1
10/14/2022,Waukee Northwest,Ankeny,1
10/14/2022,Waukon,LaPorte City Union,1
10/14/2022,Wayland WACO,Thornburg Tri-County,1
10/14/2022,West Bend-Mallard,Correctionville River Valley,1
10/14/2022,West Branch,Wilton,1
10/14/2022,West Des Moines Valley,West Des Moines Dowling,1
10/14/2022,West Liberty,Anamosa,1
10/14/2022,West Union North Fayette Valley,Oelwein,1
10/14/2022,Williamsburg,Eddyville-Blakesburg-Fremont,1
10/14/2022,Winterset,Des Moines Hoover,1
10/14/2022,Winthrop East Buchanan,Calmar South Winneshiek,1
10/14/2022,Woodbine,Audubon,1
10/20/2022,Alta-Aurelia,Sioux Rapids Sioux Central,1
10/20/2022,Bloomfield Davis County,Panora Panorama,1
10/20/2022,Council Bluffs Lincoln,Sioux City North,1
10/20/2022,Dubuque Hempstead,Cedar Rapids Kennedy,1
10/20/2022,Garden Grove Mormon Trail,North English English Valleys,1
10/20/2022,Garwin GMG,Springville,1
10/20/2022,Greene North Butler,Manly Central Springs,1
10/20/2022,Lamoni,Melcher-Dallas,1
10/20/2022,Manning IKM-Manning,Council Bluffs St Albert,1
10/20/2022,Mapleton MV-A-O-CO-U,Missouri Valley,1
10/20/2022,Maquoketa,Davenport Assumption,1
10/20/2022,Milford Okoboji,Forest City,1
10/20/2022,Seymour-Moulton-Udell,Bussey Twin Cedars,1
10/21/2022,Adel ADM,Saydel,1
10/21/2022,Afton East Union,Woodbine,1
10/21/2022,Ankeny,Des Moines Lincoln,1
10/21/2022,Arlington Starmont,Traer North Tama,1
10/21/2022,Atlantic,Creston-Orient-Macksburg,1
10/21/2022,Audubon,Remsen St Mary,1
10/21/2022,Baxter,Anita CAM,1
10/21/2022,Bedford,Mondamin West Harrison-Whiting,1
10/21/2022,Belle Plaine,Grundy Center,1
10/21/2022,Bellevue,Alburnett,1
10/21/2022,Bondurant-Farrar,Norwalk,1
10/21/2022,Brooklyn BGM,Preston Easton Valley,1
10/21/2022,Burlington,Fort Madison,1
10/21/2022,Camanche,Williamsburg,1
10/21/2022,Carlisle,Perry,1
10/21/2022,Cascade Western Dubuque,Dike-New Hartford,1
10/21/2022,Cedar Falls,Dubuque Senior,1
10/21/2022,Cedar Rapids Washington,Pella,1
10/21/2022,Center Point-Urbana,Independence,1
10/21/2022,Central City,Tripoli,1
10/21/2022,Chariton,Red Oak,1
10/21/2022,Clarion-Goldfield-Dows,Osage,1
10/21/2022,Clarksville,West Bend-Mallard,1
10/21/2022,Clear Lake,Prairie City-Monroe,1
10/21/2022,Clinton,Iowa City Liberty,1
10/21/2022,Colfax-Mingo,Eldon Cardinal,1
10/21/2022,Collins-Maxwell,Des Moines Grand View Christian,1
10/21/2022,Colo-NESCO,Lenox,1
10/21/2022,Corning Southwest Valley,Madrid,1
10/21/2022,Dallas Center-Grimes,Glenwood,1
10/21/2022,Davenport Central,Iowa City High,1
10/21/2022,Davenport North,Bettendorf,1
10/21/2022,Delhi Maquoketa Valley,Columbus Junction,1
10/21/2022,Denison-Schleswig,Webster City,1
10/21/2022,Denver,Waterloo Columbus,1
10/21/2022,Des Moines Christian,Centerville,1
10/21/2022,Des Moines East,Ankeny Centennial,1
10/21/2022,Des Moines Hoover,Council Bluffs Jefferson,1
10/21/2022,Des Moines North,Marshalltown,1
10/21/2022,Donnellson Central Lee,Monticello,1
10/21/2022,Dunkerton,Riceville,1
10/21/2022,Durant,Monona MFL-MarMac,1
10/21/2022,Eagle Grove,Aplington-Parkersburg,1
10/21/2022,Earlham,Lynnville-Sully,1
10/21/2022,Edgewood-Colesburg,Jackson Junction Turkey Valley,1
10/21/2022,Eldora South Hardin,West Branch,1
10/21/2022,Emmetsburg,Carroll Kuemper,0
10/21/2022,Estherville-Lincoln Central,Inwood West Lyon,1
10/21/2022,Garner-Hayfield-Ventura,Oelwein,1
10/21/2022,Gilbert,Huxley Ballard,1
10/21/2022,Grinnell,Fairfield,1
10/21/2022,Guttenberg Clayton Ridge,Stanwood North Cedar,1
10/21/2022,Hampton-Dumont-CAL,Tama South Tama,1
10/21/2022,Harris-Lake Park,Newell-Fonda,1
10/21/2022,Hinton,Logan-Magnolia,1
10/21/2022,Holstein Ridge View,Jewell South Hamilton,1
10/21/2022,Hudson,Mason City Newman,1
10/21/2022,Humboldt,Algona,1
10/21/2022,Indianola,Boone,1
10/21/2022,Iowa City Regina,Pella Christian,1
10/21/2022,Iowa City West,Pleasant Valley,1
10/21/2022,Iowa Falls-Alden,Rock Rapids Central Lyon-George-Little Rock,1
10/21/2022,Johnston,Ames,1
10/21/2022,Kingsley-Pierson,Ruthven Graettinger-Terril-Ruthven-Ayrshire,1
10/21/2022,Knoxville,Harlan,1
10/21/2022,Lake City South Central Calhoun,Hull Western Christian,1
10/21/2022,Lake Mills,Belmond-Klemme,1
10/21/2022,Lake View East Sac,Hawarden West Sioux,1
10/21/2022,LaPorte City Union,Jefferson Greene County,1
10/21/2022,LeMars,Fort Dodge,1
10/21/2022,Leon Central Decatur,Mediapolis,1
10/21/2022,Lisbon,Winthrop East Buchanan,1
10/21/2022,Malvern East Mills,Liberty Center Southeast Warren,1
10/21/2022,Manchester West Delaware,Charles City,1
10/21/2022,Marcus-Meriden-Cleghorn-Remsen-Union,Lawton-Bronson,1
10/21/2022,Marengo Iowa Valley,Montezuma,1
10/21/2022,Marion Linn-Mar,Cedar Rapids Prairie,1
10/21/2022,Martensdale-St Marys,Wayland WACO,1
10/21/2022,Mason City,Epworth Western Dubuque,1
10/21/2022,Moravia,Tabor Fremont-Mills,1
10/21/2022,Mount Pleasant,Eldridge North Scott,1
10/21/2022,Mount Vernon,Vinton-Shellsburg,1
10/21/2022,Muscatine,Davenport West,1
10/21/2022,Nashua-Plainfield,Britt West Hancock,1
10/21/2022,Neola Tri-Center,LeMars Gehlen,1
10/21/2022,Nevada,Alleman North Polk,1
10/21/2022,New Hampton,Waukon,1
10/21/2022,New London,Gladbrook-Reinbeck,1
10/21/2022,Newton,Tiffin Clear Creek-Amana,1
10/21/2022,Oakland Riverside,Akron-Westfield,1
10/21/2022,Ogden,Mount Ayr,1
10/21/2022,Orange City Unity Christian,Ida Grove O-A-BC-IG,1
10/21/2022,Osceola Clarke,State Center West Marshall,1
10/21/2022,Oskaloosa,Cedar Rapids Xavier,1
10/21/2022,Ottumwa,Waterloo West,1
10/21/2022,Paullina South O'Brien,Moville Woodbury Central,1
10/21/2022,Pleasant Hill Southeast Polk,Cedar Rapids Jefferson,1
10/21/2022,Pleasantville,Van Meter,1
10/21/2022,Saint Ansgar,Fairbank Wapsie Valley,1
10/21/2022,Sergeant Bluff-Luton,Carroll,1
10/21/2022,Sheldon,Spirit Lake,1
10/21/2022,Sibley-Ocheyedan,Cherokee Washington,1
10/21/2022,Sioux Center,MOC-Floyd Valley,1
10/21/2022,Sioux City East,Sioux City West,1
10/21/2022,Sioux City Heelan,Boyden-Hull-Rock Valley,1
10/21/2022,Sioux City Siouxland Christian,Griswold,1
10/21/2022,Sloan Westwood,Avoca AHSTW,1
10/21/2022,Solon,Keokuk,1
10/21/2022,Spencer,Storm Lake,1
10/21/2022,Story City Roland-Story,Clarinda,1
10/21/2022,Stuart West Central Valley,Woodward-Granger,1
10/21/2022,Sumner-Fredericksburg,Sigourney-Keota,1
10/21/2022,Swea City North Union,Hartley-Melvin-Sanborn,1
10/21/2022,Treynor,Guthrie Center-Adair-Casey,1
10/21/2022,Truro Interstate-35,Underwood,1
10/21/2022,Urbandale,Waukee Northwest,1
10/21/2022,Van Horne Benton,DeWitt Central Clinton,1
10/21/2022,Wapello,Troy Mills North Linn,1
10/21/2022,Waterloo East,Marion,1
10/21/2022,Waukee,West Des Moines Dowling,1
10/21/2022,Waverly-Shell Rock,Decorah,1
10/21/2022,Wellman Mid-Prairie,Goose Lake Northeast,1
10/21/2022,West Burlington-Notre Dame,Washington,1
10/21/2022,West Des Moines Valley,Des Moines Roosevelt,1
10/21/2022,West Liberty,Dubuque Wahlert,1
10/21/2022,West Union North Fayette Valley,Cresco Crestwood,1
10/21/2022,Winfield-Mount Union,Gilbertville Don Bosco,1
10/21/2022,Winterset,Council Bluffs Lewis Central,1
10/28/2022,Davenport West,West Des Moines Dowling,0
10/28/2022,Waukee Northwest,Cedar Rapids Kennedy,1
10/28/2022,Ames,Pleasant Hill Southeast Polk,1
10/28/2022,Marion Linn-Mar,Cedar Rapids Prairie,1
10/28/2022,Sioux City East,Ankeny,1
10/28/2022,Iowa City High,Johnston,1
10/28/2022,West Des Moines Valley,Pleasant Valley,1
10/28/2022,Ankeny Centennial,Cedar Falls,1
10/28/2022,Cedar Rapids Washington,Cedar Rapids Xavier,1
10/28/2022,Indianola,Bondurant-Farrar,1
10/28/2022,Fort Madison,Waverly-Shell Rock,1
10/28/2022,Epworth Western Dubuque,Eldridge North Scott,1
10/28/2022,LeMars,Council Bluffs Lewis Central,1
10/28/2022,Glenwood,Spencer,1
10/28/2022,Webster City,Iowa City Liberty,1
10/28/2022,Newton,Carlisle,1
10/28/2022,MOC-Floyd Valley,Harlan,1
10/28/2022,Nevada,Sioux Center,1
10/28/2022,DeWitt Central Clinton,Mount Vernon,1
10/28/2022,Manchester West Delaware,Solon,1
10/28/2022,Hampton-Dumont-CAL,Humboldt,1
10/28/2022,Van Horne Benton,Independence,1
10/28/2022,Grinnell,Adel ADM,1
10/28/2022,Creston-Orient-Macksburg,Alleman North Polk,1
10/28/2022,Clarinda,Rock Rapids Central Lyon-George-Little Rock,1
10/28/2022,Inwood West Lyon,Jefferson Greene County,1
10/28/2022,Ida Grove O-A-BC-IG,Osage,1
10/28/2022,Clear Lake,Spirit Lake,1
10/28/2022,Cresco Crestwood,Waukon,1
10/28/2022,Dubuque Wahlert,State Center West Marshall,1
10/28/2022,Centerville,Monticello,1
10/28/2022,Wellman Mid-Prairie,Williamsburg,1
10/28/2022,Hull Western Christian,Aplington-Parkersburg,1
10/28/2022,Carroll Kuemper,Hawarden West Sioux,1
10/28/2022,Dike-New Hartford,Monona MFL-MarMac,1
10/28/2022,Waterloo Columbus,West Branch,1
10/28/2022,Mediapolis,Sigourney-Keota,1
10/28/2022,Woodward-Granger,Van Meter,1
10/28/2022,Pella Christian,Jewell South Hamilton,1
10/28/2022,Guthrie Center-Adair-Casey,Underwood,1
10/28/2022,Hinton,Hartley-Melvin-Sanborn,1
10/28/2022,LeMars Gehlen,Moville Woodbury Central,1
10/28/2022,Mason City Newman,Troy Mills North Linn,1
10/28/2022,Fairbank Wapsie Valley,Britt West Hancock,1
10/28/2022,Winthrop East Buchanan,Alburnett,1
10/28/2022,Columbus Junction,Grundy Center,1
10/28/2022,Corning Southwest Valley,Avoca AHSTW,1
10/28/2022,Mount Ayr,Lynnville-Sully,1
10/28/2022,West Bend-Mallard,Remsen St Mary,1
10/28/2022,Ruthven Graettinger-Terril-Ruthven-Ayrshire,Mondamin West Harrison-Whiting,1
10/28/2022,Anita CAM,Lenox,1
10/28/2022,Tabor Fremont-Mills,Liberty Center Southeast Warren,1
10/28/2022,Newell-Fonda,Gilbertville Don Bosco,1
10/28/2022,Gladbrook-Reinbeck,Jackson Junction Turkey Valley,1
10/28/2022,Preston Easton Valley,Montezuma,1
10/28/2022,Central City,Wayland WACO,1
11/03/2022,Ruthven Graettinger-Terril-Ruthven-Ayrshire,Remsen St Mary,1
11/03/2022,Tabor Fremont-Mills,Lenox,1
11/03/2022,Gladbrook-Reinbeck,Newell-Fonda,1
11/03/2022,Montezuma,Wayland WACO,1
11/04/2022,Waukee Northwest,West Des Moines Dowling,0
11/04/2022,Cedar Rapids Prairie,Pleasant Hill Southeast Polk,1
11/04/2022,Johnston,Ankeny,1
11/04/2022,West Des Moines Valley,Cedar Falls,1
11/04/2022,Indianola,Cedar Rapids Xavier,1
11/04/2022,Eldridge North Scott,Waverly-Shell Rock,1
11/04/2022,Glenwood,Council Bluffs Lewis Central,1
11/04/2022,Carlisle,Iowa City Liberty,1
11/04/2022,Nevada,Harlan,1
11/04/2022,Solon,Mount Vernon,1
11/04/2022,Independence,Humboldt,1
11/04/2022,Alleman North Polk,Adel ADM,1
11/04/2022,Inwood West Lyon,Rock Rapids Central Lyon-George-Little Rock,1
11/04/2022,Ida Grove O-A-BC-IG,Spirit Lake,1
11/04/2022,Cresco Crestwood,Dubuque Wahlert,1
11/04/2022,Centerville,Williamsburg,1
11/04/2022,Hull Western Christian,Hawarden West Sioux,1
11/04/2022,Monona MFL-MarMac,West Branch,1
11/04/2022,Sigourney-Keota,Van Meter,1
11/04/2022,Pella Christian,Underwood,1
11/04/2022,Hartley-Melvin-Sanborn,Moville Woodbury Central,1
11/04/2022,Troy Mills North Linn,Britt West Hancock,1
11/04/2022,Winthrop East Buchanan,Grundy Center,1
11/04/2022,Avoca AHSTW,Lynnville-Sully,1
11/09/2022,Newell-Fonda,Wayland WACO,0
11/09/2022,Lenox,Remsen St Mary,0
11/10/2022,Carlisle,Council Bluffs Lewis Central,0
11/10/2022,Eldridge North Scott,Cedar Rapids Xavier,0
11/10/2022,Lynnville-Sully,Britt West Hancock,0
11/10/2022,Moville Woodbury Central,Grundy Center,0
11/11/2022,West Des Moines Valley,West Des Moines Dowling,0
11/11/2022,Johnston,Pleasant Hill Southeast Polk,0
11/11/2022,West Branch,Van Meter,0
11/11/2022,Underwood,Hawarden West Sioux,0
11/12/2022,Adel ADM,Harlan,0
11/12/2022,Humboldt,Mount Vernon,0
11/12/2022,Dubuque Wahlert,Williamsburg,0
11/12/2022,Ida Grove O-A-BC-IG,Rock Rapids Central Lyon-George-Little Rock,0
11/17/2022,Council Bluffs Lewis Central,Cedar Rapids Xavier,0
11/17/2022,Grundy Center,Britt West Hancock,0
11/17/2022,Wayland WACO,Remsen St Mary,0
11/18/2022,Rock Rapids Central Lyon-George-Little Rock,Williamsburg,0
11/18/2022,Mount Vernon,Harlan,0
11/18/2022,Hawarden West Sioux,Van Meter,0
11/18/2022,West Des Moines Valley,Pleasant Hill Southeast Polk,0
